"PKey","ProjectId","Source","Object","ObjectLen","Compiled","Format"
"CATAWBA1_NET_OUTPUT","0","T=HZ;76000000880000002D8BBD0AC3201446E70ABEC3971728113A754B7F7029BA64E9786B6D228806BD92D76F916E877338C3615E43C556B2F3B5620F31C251742D127BF0EA913CE34A4CFB8BA0901B6F8DD16A484BCF4BC9BFEFAF29BDBBD466EAACCD051F729C4B3D4A3148A1C6B31452DCEE8FE9899314D6683B5BA8F10B","","0","0","0"
"ADJUST_NET_OUTPUT","0","T=HZ;890000006801000053E454093054B0557007E1A2FCE26205BFD2E49CD4C42205FFD29282D2125E2E45A00A2390AC9F1394CC4F832B0ACDCB842A31064AFA81706A09542B167510A5A604ED33236C9F3971F679BA2968807CA8E713A2A7E0E8140CE418696AF272415D0C22B5140C78B95C7D825DD1440D81A27E2E9E6E30434C910D31831A620E566E8E66084214660800","","450","1","0"
"PARSE_DATE_TIME","0","T=HZ;AB0000003D010000758EB10A83301086E70ABEC3090EB55054D4319B2DED90EAE0A0A368C40C262524A57DFB5E1A28A5B5707770FF7D1F5CB009EB1408948D1DBD66D08B111ABE30A88CBE1A0D93920B502E62DADFE168C4A0B914BE1760A19B59EDA53E404E40A5D033E899C1E1C684866A188C526C74708EE0C9B634EA2F5420406D7361F09D55CCF7C2B625E74BB3C5EFE33449224CBA8EBCD73DDE31AA3382F10E9335E947FB1073073A3972765D7CD94F","","323","1","0"
"REALTIME_UPDATE","0","T=HZ;7E000000930000002D8BC10A02211445D709FEC39B681D096D67614DB8090D9A4DCB97D98C203AE893F9FDC25A9DCBB99C6E33CEBEC0929375A5C0EA43008BC1D680E4806607D1119C91707D22084895964A508B8F53BBA79CBEDD5F637C35A9B46C5BE913BCD152CA65CF59C7D9EE2645FFC3BDDF72C6D970B9CA071C39335A99D180387C00","","0","0","0"
"ANNUAL_PEAK","0","T=HZ;010100001902000075904F4BC34010C5CF09E43B4C43A015246CFFA5F6E021B85B1348BAD16CA9C9A52C1AB4B436B2B6F8F5DD9D6EA1A039CDCCFBBD9DC76CCF2954FBAEE427FC6CF77B382AF9BA83E34703A2FD822181B23DE9491DA068E40E92F6A4BE617B0009552395E7F63C378887700FFEC5785B160F9B8CC77493C72FBEC1A3FFB1E0C508F9B8938F914F3AF904F9B4934F91479D3C423EEBE433E4779A9B3AD795E0BDC476D5B9EA4FA01CD6499A31186831644F21901BCF7528CBE20A2252EA5EBB9CA0FE9BD5CA37DFE274A1DFD7103E8A104C8C59E1D8BCA0C681E220D29C0DFA34AEFA674B72A5267CF56CE5FC4ACEF95224A8B3254D179734B3DCE6CD6D9CB93310BF","","75","0","0"
"PREVIOUS_HOUR_CALC","0","T=HZ;05010000E3030000B58FB16AC3301086E71AFC0E0A74688798483AC974E894C47596E2D2BC82A05E6A50E2348F9F3BE52219AC4229ED22F8EF7E7F9F6F7177DF49F12CD62D3DA3F7EEF328DA61F465B1C095C2A9ECF0E9BC3BF5C37898EC348E15EDF65F43181F62EB5A00DCE950F8F0CE89761C6615835BA04A83DF672116972634FA93CB366A5C5A6ABCF7E779A12C768D78A023ABED5B25568F65C1272B288BEDEB66D74C2A2FFB4AD4D70A9D4EB3A59021EB9855C810B30ED9C40C21DB984DC875CC76EEA55FB3FFE7CD9D4A4AF3774A05C9A6F336F8BD4D4D443A89545EA47F2E62B04960CBE09B43E61DEA7B073321314D625A66DEF0AB3C5E263CE374C241C29984B38C63B27C62F205","","1999","1","0"
"ANNUAL_PEAK","0","T=HZ;AE0000001B0100006D8E4D0B82401445D70AFE872708DA4688D25D0B41CD598C4A5AD472A8E9037404D1C87FDF7B2912D1E20EC3B97798636A56BE840D1498A4E9DB6A00A63A796B45272F5020394B4337358A95AF70C583239E8152BDA8808BD7A3EE6B788AAA97D05CBF5E58F99AD6944675772A710D075A8EBD875D4811C39FD627A3C9EAB73674168343E6EEB67401C516863EF921FDDCE9F792F1C8B1799696893D2EBC9986C16962FECC926CBF2318A5218BDF","","245","1","0"
"KVAR_PF_PERPHASE","0","T=HZ;DC000000AC0100008D90410B82401085CFEEAF18A183065A5B94A70E461A5184A9D8596229C15254EAEF3733BB08DD3AEC837DF3BD79CBDAD62491B081E31525557DD50FD55B41D27C5407D50B7D6123B220A440491E65AFA068EAA1BC2B6810281858E22C7CB6FD88D045D83C5B911993F0D6B8BC0D4DC79335AF0D53EE46FBB71A074C059AD2506D80168F6ED2287669921E3B455D8A430C0E7A7E74F1E7AE300F91C2F4CE4574CA2261190AFC7DEE634C226950FA99196AC00E65B24B9A3BE1367338412D810B1EE525DFA4EB625CEF3511EFBF8CA9F4A8D1198B69D979778805EB17","","545","1","0"
"CURRHR_AT_00","0","T=HZ;4E0000006400000053E454093054B055702E2D2A4ACD2B51F0C82F2DE2E552048A1A0145413C05D7BC94CCBC74052313A0382F97A79B8206488B9E6BA09E8281262F17542948DAD527D8152E00540414F173F1740300","","206","1","0"
"GT","0","T=HZ;A600000004010000758D3D0BC2301086E706F21FAEE0A02081B4AE4E6AA58B3814F72B5C6D20694AD20FFCF7A651BB391CBCF7F03E776972B2A6474730B461660BDD686A725E00944D848D727EF862501EB49DC9ED41134E046A00D4B623C1599AFC115AF56C17C3CFD8C7C2EF4570166D7397708407EA91407E40B6826C2D1D02ABC8F4D6A17BC1844E61AD89B358280BD82E77C4B51210FC1D6741C983129698B39865CC32E69CB3CBED5C166F","","222","1","0"
"SWAP_SPC_LOAD","0","T=HZ;B200000008010000458EC10A82401086CFFA14BFD0A14816F5DEA9B40409C15E60CB0905DD95754DE8E91BD7C0D3CC7CF3CFC704DE59F78334844A4FB621A3D06959C36AC4916DD0E8C9382280FC0D4EA02ACF6BA61DB9CE6442C8BAC6978C5ECE5A8B8EE4879646765A91F0038F4F95B6210C0D9D7C91F36CFEB9E56E418A66A8A97F9211E32C8795B979640B7B76658C93FBA0E00F1C481838D58D551CCA33EC9798B83E04787DF0FF21867E5A54E936273822F2D3FB25CF7E","","223","1","0"
"SWAP_SPC_LOADD","0","T=HZ;9D000000BC0000002D8D3D0B833018846703F90FAF34430B22D8BD43F0A395AA098D229D42A056035A4B14FCFB8DDAEDB87BEECE75B8195BA3065874DFC3B4A82FCC5D038287908DEA65EDB9DB9C417F40BF37D9AF819EA0358D9A1BE30718B918111AC00508114F413C9E732AEFB50C59CE659D31210E9490153AEF10ABCA5BFC283C7B2433462399A7C58ED8A93481E33AE75F4B1F6CE58491F36F527B1617519A60F403","","180","1","0"
"LOAD_CONTROL","0","T=HZ;930000001A01000053E454093054B05570F60011A54545A979250A1EF9A545BC5C8A402923A068B0074841704962114446C11022670C963382CB059626E695649654C2E44D8032AE60BDAE7929283A4DC132465019747D66407117772011E01BE018EFE20E14E5E5F27453D000B954CF35504F01E82E4D5E2EA852A043C06C90730CC02C2308CBD5CFC5D30D43A709B24E5330DB14AED304492700","","367","1","0"
"LOAD_CONTROL","0","T=HZ;D3000000E201000075904F0B824010C5CF0A7E8791F65010A27BEF203A869061EE1674122188A034CCE8EBB7BB38A5FDB93D78F37BF3665C2B6F9B635B5DE0713A9FE1D6556D07557D50AAB942BC84EAD2DCEBEEE6D8AE63332902580063622FD85CC8B090E52A2A659A613009193313FCCF04A7091C64E03AFE4A40FED3277E5841596607B1C3E5E41187634E251385FCD32146DDFF72F22C0FCB78D93B917C3BD1B628702D4D4B2AB253B6AFB37BA1BE972630351FF470E3814A9881635BFD0E11686D6EF3B59224559B34211803CD6AF44DA2217140F211F904","","601","0","0"
"REVERSE_STATUS","0","T=HZ;820000002F01000053E454093054B055082E492C292D5608C8CFCC2B51305408CE2F2D4A4E55084BCC294DE5E552042A32022A0A4A2D4B2D2A4E4D51F02F2D29282D51C84F43D307540A516D826EA41116234D8930D2086CA4A79B8206C89D7AAE817A0A069ABC5C5007012D74F573F17443536188506100570137C604C518532CC698A018638A640C00","","505","1","0"
"DS5","0","T=HZ;E60000004F010000458FC16AC3301044CFF1578CA187985261BB756E3998D83181B8186CC8594D94C454958A2493B65FDF951CDACB32AB79BB3B8A171B2E8F93E44E58547D01ADE437C633E91CA3C5C508B20CDC952BFC08A359142F5AFEE5BD2C2FD01EA2985E1EBA0CEB307336FA033D574E082CB54135BD8B241039118D50C270376A35831BEEF8ED8D83AB13DA63338D4604F699D8AEED4AEC353FE136BA2BA4B656D8E0BE90DBD75D199A829AA12ED14FE6534E966ECB3BB60A910A0A38EBA5CFF0089A4FF0047FC4D72C544FEDB61E5981ED078694A549745F9246F56BB5DBFE23AC1918FDFE0F203D23BF","","359","1","0"
"RATCHET","0","T=HZ;67000000A900000053E454093054B05508284A2DCBCC2F2D56884C4D2C522F5608484DCCE652044A1A01259D4B8B8A52F34AD0E4C0D2C648D2418925C919A9255C8A5C9E6E0A1A2073F5DC43F4148066687241958204B5140CF42C4DB95CFD5C3CDDA02A8D602A0D91541AA1A80400","","267","1","0"
"ANNUAL_PEAK_RESET","0","T=HZ;CA00000076010000658E490F82301085CFF4570C0909782112859B0712407A6051D0E8B1515C12968480917FEF142AB8249D69F3BD37D3274B4A6CC00A122CBF6AEBBC035A36D9B5664D768604C92923B284478917E809EC0376BB2C5B9643C09EF7A22DE0C1F23683EA32F99578C9CDBCAAB2B9710DCDB0E7C65E36517278B1EE5FB4781811E84725D4038D47D6D7A90E98694644328444FC9BD2C0D5D4200A535FED7573848E7D1C9035223FDA6D91B9A1433DD2EFFF9AD7DD8D6EE008F5B48F156F3AE161CDC845AA393E87CDE2EAFB0B","","529","1","0"
"KVAR_PF_PERPHASE2","0","T=HZ;DC000000AC0100008D90410B82401085CFEEAF18A183065A5B94A70E461A5184A9D8596229C15254EAEF3733BB08DD3AEC837DF3BD79CBDAD62491B081E31525557DD50FD55B41D27C5407D50B7D6123B220A440491E65AFA068EAA1BC2B6810281858E22C7CB6FD88D045D83C5B911993F0D6B8BC0D4DC79335AF0D53EE46FBB71A074C059AD2506D80168F6ED2287669921E3B455D8A430C0E7A7E74F1E7AE300F91C2F4CE4574CA2261190AFC7DEE634C226950FA99196AC00E65B24B9A3BE1367338412D810B1EE525DFA4EB625CEF3511EFBF8CA9F4A8D1198B69D979778805EB17","","545","1","0"
"SUM_MONTHLY_SURPLUS","0","T=HZ;430000006900000053E454093054B05508284A2DF3280A2E2D2AC8292D86F233F3814C8FFCD22205A838972250B51150D6B9B4A8C8373F0FA11CC829C9C8A94428E482AA0491DA40D21000","","62","1","0"
"BACKSTAND_CALCULATION","0","T=HZ;F50000005C010000358E416F83300C85CFC9AF30120738341A6C554F1C584B5125E8D098B47306668DC68894A4EBB65F3F275D2F96FDBEE767476C2BE7E13C4B871676FD1AF432FF809AA8CF4159783748C8803BC9057ED168C123D6CA6FCFB27C0DED2B8F4889BB0C0AA87141239DD20B4C467FC2563A797993209711DAA13E2B83C19B93B76BBB121A2D47B8287782595B8B36D07BA27DD5956178A0E1510E1FD6F99023E288A3072500916A9A7070EA0BAF4949A8ABB09DD25F3C2E0BBAB6A24CCE0F7B4812FFA7A85F04E49B4D0AE2E959404259A22189589A727FB3B8E355D3579CF91D8F6F1B9C054C2D65669C5D5D418BCB7FE9B83BEC79A87F","","457","1","0"
"CREATE_DATETIME","0","$P4 = 'HELLO WORLD'","","41","1","0"
"FIND_MAX","0","T=HZ;700000009000000053E474CBCC4B2956C84DAC50C84F5348CCC95128C94855C8CC2B282D29E652E452E454093054D055083057B055F004892A8425E694A602E514204025C00228E59B5891995B9A0B9154D0F02F2D012AD5041AC00595778CD0009AA403546E04228C418409883005116620C25C938B0B00","","130","1","0"
"PMPA_PEAK_RESET","0","T=HZ;EB000000B901000075504D8BC230103D777EC50885DA4B51F6EBB487B26DB73D44E35A657B0C4B44D9DA4234B2FEFB9D6902BACA86CC24BC371F8F370A4239C5575C52BC5963747744D177C76D7B46A9D5378C02BAA17C205EA49F94D3AEB3AA45A17E767BBBC7936AADC67E83CBDE9A2F3D143F7231070F628E8A71CD8503FD4454C6A1CEF7E4331125078DBB61D19D50BE102F8D3EED7A7BC0462B131DBC5880AAC0715D897C1C89F9AC2EA338C917C93486A02A3C9EA5CD05BDC0E57CF5E1F0490CF8DF71CBC90F6AF5B64CE89BCFB2AA00FFB83C28617393F73AE10EDAE61A0804EFD21FA5E0BDB99209DE916B896EFE2F","","562","1","0"
"MONTHLYCUMULATIVE","0","T=HZ;92000000DA00000053E454093054B055F0CC2B282D51D0702E2D2A4ACD2B51084BCC294DD5E45204CA1A0165A1C2BEF9792519606E6E694E62496659AA42494666B1422E481CACD818281B50945A965F5A8C45714E627109543197A79B82864688A7AFAB86BA8B63A4BAA69E6BA09EA1A69EA39F8B1E54D8C33F340826AEC905351CE81E2EA8A3800EE772F5097645F08D14B421A27E2E9E6E00","","260","1","0"
"PMPA_PEAK_RESET2","0","T=HZ;EC000000BC0100007550416E8330103CB3AF582424C205254AD29E7A4002820F04B7A155395AADDB462120111C85DF770D56208D6A79D7D6CCAC3D1ADB72F8029F704795D4AA293B64552BBF1BD1CA4FDC11F221C1B6683B7C499A3478A71E54951225A6E2B23FAA239E45A924D65FA3DEE12B2DD65557ED8FE6488C6F5AD8D36BA2425DA2BB271FB41963E80F8BC372F823F1BC91E77DAD4E5848D1B827E4521CC0066031CE7296463337CDB679E27A7EF4EC2F3CB0586CF0302846748493ECF5E58AE37F6BF89CF2A05113CB9CAED13664319863E8BD131DB0BFC97D3D41BF0D03048249E9C629986C2636C12432B5D8BFFF0B","","0","0","0"
"ATS_STATUS","0","T=HZ;84000000E4000000558DB10A03210C8667F3140A1DEA22C6CE0E05BD12286AAB3795D2F77F8B26DE157A4B929FEF4B62D4A9A18EBAE3A7D54E836AD12F8CB727A5371886416038C25C36766156D7D1D6010680167DE6632E3F1CAF59102106C8F79E4109FC51B4EE5A92E318247ACBEE943D28B135C77FDF1F7D9CFE5C401EB6FB6AFFC6B9245A606FB37E01","","540","1","0"
"SURPLUS_ENERGY","0","T=HZ;D300000020010000358ECB4EC3400C45D7CD5738128B46882814E88EC5A8995691D274D4493FC0B40622860C9A872AFE1E4F5296D7E7D8BEF96283E61C0D06F2A0A3FB31D113C891DCC76F962FF4E9A8DA938657D8C94E1E45DF1C3A7880F620EA2C677EA71E99D57A05EFCE7E83C63110C1D23AA8E3171593B14ADBC417310C769CC50D06BCBE21E07881FD7917074793FBC4AEDA2B01ADC50B5C87F009C67A4F7EA2CF4CB554620A2F1C7A29FE4BF36F73D3D6499BA75C72CECBD4E31EF846C1FDD32346CD36CDD750B67D09555915D96DBBCA6457375B56FE00","","238","1","0"
"DS5_UPDATED","0","T=HZ;E9000000680100005590CB6AC3301045D7F1575C4317CEA2C2B1E36517C5764C202E051BBA9E26726B90A5A2077D7C7D25396DE9661874EED18C946E6A126727C8728366A8A0A4F8C43CF9BEC06CF0A2B9471AF69524BEB8562C49373D7D04B62B2AF44F49EA4F6E1E77B843DDB7C83A2EB9263B2B8949AB0535597A7F2690BCA03F776ED67C1B8DC21BCD50220B9A553829BAACA48CA4403638FD269C09742069F9D5DC7B3EB6F7F8C103096E22A9A259FDDB6299A53371D2DA19B7404D202156D1DF99AC6678C52DC266A196B1EE3D3D1E9085043B8D0C39CBB7C975549EB40FCDF1F01761DDC8FCB7FC067CBF46BE01","","344","1","0"
"3PHASE V/A TO KW","0","$P7 = (($P1*$P2) + ($P3*$P4) + ($P5*$P6))/1000","","85","1","0"
