"PKEY","NAME","DESC","PROJECTID","PROJECTMAP","ERROR","COLLECTING","ALLOCATED","LOADSURVEY","LEADSAMPNG","CALCINPRO","HASQULIFRS","TOTSAMPLES","SAMPLECNT","OLSTSAMPID","NWSTSAMPID","CURRSAMPID","OLSTSAMPTM","NWSTSAMPTM","SMPINTTYPE","SMPDURAT","SMPINTERV","SMPOBSERV","SMPSTART","LASTSTIME","CNDCOLLECT","CNDFUNCID","CNDOPTYPE1","CNDOPPID1","CNDOPCNST1","CNDOPTYPE2","CNDOPPID2","CNDOPCNST2","CNDWRKVAL","CNDWRKTIM","DERIVEDSET","DERIVEDID","TIMCHGPTS","TIMSETVAL","MAXPOINTS","POINTLIST","REPLICATE"
"1","NEW_PF","Hourly PF Averages for Newberry for past 30 Days","0","0","0","1","1","0","0","0","1","720","719","514","512","513","#2024-05-01 14:00:00.000#","#2024-05-31 12:00:00.000#","0","2592000","3600","15","#2015-11-24 05:00:00.000#","#2024-05-31 12:00:00.000#","0","0","2","","0","2","","0","0","","0","","#2019-06-12 12:49:56.116#","","7","T=HZ;2600000064000000F3730D3730D20970B3725436E5E5F203F28C517826283C534708D700CA7542E19AA171618A01","0"
"2","DELIVERY_POINTS_15SEC","All Delivery Points measured at 15 second intervals","0","0","0","1","1","0","0","0","0","518400","518399","206835","206832","206833","#2024-03-02 12:15:45.000#","#2024-05-31 12:15:00.000#","0","7776000","15","15","#2006-02-01 05:00:00.000#","#2024-05-31 12:15:00.000#","0","0","2","","0","2","","0","0","","0","","#2023-12-12 17:51:22.862#","","43","T=HZ;A9000000450300006DD2BB0EC2300C05D01D89AF606548FA088FCD894285282D2AAA32F6FFFF029CADF77A3DBA765CD712A3F3E757D9D2FCFEDCE5E48E87343E2D6AF694E58B29A596A913C3225BBFA7411ECE8B61910D661B96EC1A2C55C3D2BFB546AE3572F815D58C5C6FE47A2317F634CA8ABB53C257AB41B7654EDE3179A6860897AE14982E30C63AD18928754CD0AC64BA1AED7F65BAF1CA708A6AB08C2917FA05D58C830B1C0B4669E07DC3B33F","1"
"3","KGSP","weather and load history for ABB, CLI, EAS, GAF, GRE, LAU, UNI,","0","0","0","1","1","0","0","0","0","120000","119999","9081","9080","9081","","#2024-05-31 12:00:00.000#","0","432000000","3600","3600","#1996-01-01 05:00:00.000#","#2024-05-31 12:00:00.000#","0","0","2","","0","2","","0","0","","0","","#2016-09-28 15:34:41.883#","#2018-05-31 15:43:42.088#","36","T=HZ;C8000000EB0200006DD13B0E83300C06E0BD524FD18E0C3C8BD4CD2186221E891268C494FBDFA20D0C2D76D6CFBF95D87608CB0B4DD259ED9B51ADB2516F344FB8A5D78BFBAB49745AF5F3C22B0B4E1A0D2CAB415E74FD2CAD469447098448B36470BE51933EA819FB18E56742B03415A8E05442C404B78AD3E34C1DB469061113DCC8773B83694E5B83D1D6AF15915C11C9D1C1768BE4AA48AE22B91156BABB40F489DD48EB3AB37B052A3991753A6427B49BBD277AD2E0394BD854EB10071A9D8EA877A3B2F637621D19BB3EFDFD03","0"
"4","KCAE","weather and load history for NEW (initially same weather data as","0","0","0","1","1","0","0","0","0","120000","119999","9081","9080","9081","","#2024-05-31 12:00:00.000#","0","432000000","3600","3600","#1996-01-01 05:00:00.000#","#2024-05-31 12:00:00.000#","0","0","2","","0","2","","0","0","","0","","#2019-06-10 19:35:47.421#","#2018-05-31 15:57:31.647#","12","T=HZ;71000000090100006DCB310E83301044D13E12A7484A17280914E936DE4120C06BD9262B2AEE7F8B1429006DDAF76714547A24E7099B9F64612F1FA4175DEBEAA287C6D0284328B614CC1189CA9260A30E817304F89702B4BEBB51372F73DCE961E979A6BCE69B635AA55360DC670DD96BF3B6D6FEB3D3F70B","0"
"5","KCLT","weather and load history for ROC (initially same weather data as","0","0","0","1","1","0","0","0","0","120000","119999","9081","9080","9081","","#2024-05-31 12:00:00.000#","0","432000000","3600","3600","#1996-01-01 05:00:00.000#","#2024-05-31 12:00:00.000#","0","0","2","","0","2","","0","0","","0","","#2020-06-02 18:10:33.483#","#2018-05-31 15:29:16.999#","15","T=HZ;7B0000004001000065CEBB0EC2300C85E11D89A7A0638614010536139F8AAA1747498AD5A9EFFF160C0C2DF2FAFDC7921554DE482E0C650D83CC1CE483F4A4933F1E74D7181AA59B8A2D056344A23227D8A8DDC43902FC4B4942ED5DAF6B90316E541BF2174B574BB77FCA4BAE1CD322AD02FD366BC89EDE2D3DEC6767BB6A5E7BFB02","0"
"6","DUKE_15SEC_LOAD","Duke System Load every 15 seconds","0","0","0","1","1","0","0","0","0","518400","518399","514114","514112","514113","#2024-03-02 12:15:30.000#","#2024-05-31 12:15:00.000#","0","7776000","15","15","#2005-12-08 05:00:00.000#","#2024-05-31 12:15:00.000#","0","0","2","","0","2","","0","0","","0","","#2015-06-23 16:02:44.238#","","1","DUKE,SYSTEM_LOAD:A#0","0"
"7","NUCLEAR_GEN_15SEC","Catawba, McGuire, and Entitlement signals every 15 seconds","0","0","0","1","1","0","0","0","0","518400","518399","514114","514112","514113","#2024-03-02 12:15:30.000#","#2024-05-31 12:15:00.000#","0","7776000","15","15","#2005-12-08 05:00:00.000#","#2024-05-31 12:15:00.000#","0","0","2","","0","2","","0","0","","0","","","","9","T=HZ;4D000000FB0000007309F576D571760C710C7772348C770FF20F0EB6725436E0E572419170F50BF10CF171F505D298D246B8F419E1D0E7EBEC1EEA19E48A691F5C02AF3E4CFBE01238DCE9EB8A2C13EF1B0E920400","0"
"8","CITY_60MIN_KW_KVAR","All PMPA Cities 60-Minute Integrated KW and KVAr","0","0","0","1","1","0","0","0","1","26400","26399","11779","11777","11778","#2021-05-27 14:00:03.000#","#2024-05-31 12:00:03.000#","0","95040000","3600","15","#2014-01-13 23:00:03.000#","#2024-05-31 12:00:03.000#","0","0","2","","0","2","","0","0","","0","","#2014-01-13 21:47:15.259#","","20","T=HZ;68000000CA0100006DD0310E40401040D15EE214945A8D6E6C86087665376C54EE7F0B318588FCF6E7553F9DA96EA4EFAF395F2EAC5B27555B16E9AD87C47F77CB04DA2A689504DA2AE85106D056494725FD54D08BECA0AD82F69A415B051D83036D15F4EEE9A055D059E9A0D5AFBE01","1"
"9","DUKE_60MIN_LOAD","Hourly Duke System Load","0","0","0","1","1","0","0","0","1","43800","43799","33629","33627","33628","#2019-06-02 14:00:00.000#","#2024-05-31 12:00:00.000#","0","157680000","3600","30","#2005-12-16 05:00:00.000#","#2024-05-31 12:00:00.000#","0","0","2","","0","2","","0","0","","1","DUKE_15SEC_LOAD","#2015-06-23 16:03:21.023#","","1","DUKE,SYSTEM_LOAD:A#5","1"
"10","KGSP - Actual Vs Forecast","","0","0","0","1","1","0","1","0","1","259200","259199","12513","12511","12512","#2024-03-02 12:15:30.000#","#2024-05-31 12:14:30.000#","0","7776000","30","15","#2016-10-06 04:00:00.000#","#2024-05-31 12:15:00.000#","0","0","2","","0","2","","0","0","","0","","#2020-11-09 18:18:42.263#","","70","T=HZ;3A010000C10600007D944D6E84300C85F7957A8A6E67C15F40EACE09198A861014C2A059E5FEB7681916C5B193EDF3F7EC27D909485994B7C71E9435CB377C89CF0FB84A41AF7E34E07598EDAEC1FF6897A3CE9A9AC6B8299218BCA27895C035AC71772431784DF13A833740F97F8D3348C6203306417991C15B8AB7097C807B5146F9B1C619246348E53F8A15E553EB1A9C2EAA3810D238431C08698CA16626D474427CC509EC526482D4B920F1ED608D33301392B77314053341E426086682C84D68299F3CB7BF5AC704EA72813A2650970A34C116BF5F243178BC03AC7106C9185281B6F9F8CADA2298710E8F27B8AB8CDA2089E9D250BCC9E02DC5536BD935F9239144F0F79BB80DEB12D464B75ED9E7FB8914B8D6EB7DB1E3ECA9CB6BB368077E73FAB439ABCAE897405294E0AC4D16FA70B74E2B587DCE14FACD98D741FC02","0"
"11","DELIVERY_POINTS_60MIN","All Delivery Points integrated over 1 hour using 15 second inter","0","0","0","1","1","0","0","0","1","26400","26399","23995","23993","23994","#2021-05-27 14:00:00.000#","#2024-05-31 12:00:00.000#","0","95040000","3600","15","#2006-02-01 03:59:59.999#","#2024-05-31 12:00:00.000#","0","0","2","","0","2","","0","0","","1","DELIVERY_POINTS_15SEC","#2023-08-18 18:52:53.599#","#2022-07-28 17:44:21.120#","56","T=HZ;D10000004504000085D2490E02211005D0BD89A770DB0B6806871D201A633B44D361D9F7BF854234B17FFDC4ED4B55019F0A312ADD9DCB946E97FB2EACDC72918613A37E4E393CB1AA92916403B128CD49F2733A8683D281589406D73D3EB2EAB1B51AB6BECD903A43EAF061CD489D23758ED4C16B8730629C95F0D46630ED9A0B0650C948B2737ADC925692B420D2881F58C94B5AC3FDC7AB58B74A56120C2B596C604D11E73723F9E0AF348BF2BE1B495B991049DBFF1EA03E16FF18EBFD06872B93EE65DAE76E487A3A17B49E9821668939629ED8FA632F","1"
"12","PMPA_15SEC_LOAD","PMPA Load Samples - 15 Seconds","0","0","0","1","1","0","0","0","0","535680","535679","306754","306751","306752","#2024-02-28 12:15:45.000#","#2024-05-31 12:15:00.000#","0","8035200","15","15","#2006-01-13 05:00:00.000#","#2024-05-31 12:15:00.000#","0","0","2","","0","2","","0","0","","0","","","","1","SYS$,PMPA_KW_COMP:A#0","0"
"13","PMPA_60MIN_LOAD","PMPA Hourly Load Sample","0","0","0","1","1","0","0","0","1","24000","23999","20357","20355","20356","#2021-09-04 14:00:00.000#","#2024-05-31 12:00:00.000#","0","86400000","3600","15","#2006-01-13 05:00:00.000#","#2024-05-31 12:00:00.000#","0","0","2","","0","2","","0","0","","1","PMPA_15SEC_LOAD","","","1","SYS$,PMPA_KW_COMP:A#5","1"
"14","DUKE_DS_SIGNALS","15 Second DS1, DS2, and DS3 Signals from Duke","0","0","0","1","1","0","0","0","0","518400","518399","375874","375872","375873","#2024-03-02 12:15:30.000#","#2024-05-31 12:15:00.000#","0","7776000","15","15","#2006-01-01 05:00:00.000#","#2024-05-31 12:15:00.000#","0","0","2","","0","2","","0","0","","0","","","","3","T=HZ;250000004C0000007309F576D57109368C0FF674F773F4897775F6F0B7725436E0E57281C818E1943146970100","0"
"15","DUKE_DS_SCHEDULES","Hourly DS1, DS2, and DS3 Schedules from Duke","0","0","0","1","1","0","0","0","0","24000","23999","17383","17380","17381","#2021-09-04 14:30:00.000#","#2024-05-31 11:30:00.000#","0","86400000","3600","3600","#2006-01-02 07:30:00.000#","#2024-05-31 11:30:00.000#","0","0","2","","0","2","","0","0","","0","","#2022-12-09 16:15:33.442#","","6","T=HZ;30000000AF0000007309F576D57109368C0F76F6707509F5718D7775F6F0B7725436E0E57281C819E19133C62307329380B1044CC6940600","0"
"16","DELIVERY_COMM_STATS","Hourly comm stats for delivery meters","0","0","0","1","1","0","0","0","0","1440","1439","561","559","560","#2024-04-01 13:59:30.000#","#2024-05-31 11:59:30.000#","0","5184000","3600","3600","#2015-12-22 05:59:30.000#","#2024-05-31 11:59:30.000#","0","0","2","","0","2","","0","0","","0","","#2024-03-20 16:40:31.299#","#2021-08-26 04:08:27.314#","168","T=HZ;4F020000431200008597CD72A3301084EFA9DAA7C8D507288282F6461C8A50898D0BB073E4FDDF62BD313FD2A8BB739DAF34748FD068D40E4D56D40797CDA7EE3C7FDEEAE16FFD9CFD79BA9EBBCCA5E1EF66CCF2C365E8E6A93B35FD751A1FF1A13F66E54FFCD20CC7E63CCDD7CB4E5E287194BCD61455947846F28C92FC17D9A9D125DE4FF5D77C1ADB7938DE381CCF9385A7661CEBB619E7B7FA9DB2B6EFDF6D6DF14227D852450C2BC13C674B2D31CB45CE5239740A5A1B31AD14F4025A2731CC7FDF90F4DF7024BE38484145E21EC717C9695C9F4AF2B33A052B05BD80AB460C7395D6AA8D4E8F551BC1B5C0985A2F11B45E42987889A0F5A215813EB1B69D5BFDD5257F17814E41D3360DAD14F4029AFE6960AED2BE1C8E1F9FB4E7452C3E620F881B7348E0F750D7FE89B3DD8861B491A570E004BBEF058795609EB3FB4670968B9CA52AB553D0DAB0CD57402FA075629BAF485BD23FC351B2B8C0F304239E91453C9E2758B652FDB64E41233E39D5027A018D8BE4548BB42539658EC41707E8FEC3718FE38B6474FFE13CA53AF64EC15532BB1D05F402AE0ED8ED28D25A2FE6761430F1626E4701AD17733B0A68BD6CB0BD3F3AC8790C50BC972148AB1350D03310DD9A234C1C492DD4520BE3AF16DC65C15C16D2654237A9FBDB0C880170B3F160D822603669EAE2FFE3918E463B041901DCA4A0AC5B6976081A56B012E824E5DC21D5894B86B21A9DA4B1062B139DF45DB943A2933D3A51D648271D51839540A7A8279DF700343A453DE93818AC4C74D2C7C40E894EF6DE4659239D74700F56029DA29E746E03D0E814F5A4A348B032D0F90F","0"
"17","DELIVERY_CURRENTS","Average Per Phase Current Levels From All Deliveries","0","0","0","1","1","0","0","0","1","17544","17543","10680","10678","10679","#2022-05-31 13:15:30.000#","#2024-05-31 11:15:30.000#","0","63158400","3600","60","#2007-05-16 04:15:30.000#","#2024-05-31 11:15:30.000#","0","0","2","","0","2","","0","0","","0","","#2020-06-02 18:13:22.047#","","45","T=HZ;9E0000005B02000055D14D0EC2201005E0BD89A770EB02CA4FD5DD40B031696A52D3F4FE37511A61DE5B7E79333003797E197B95875CC2F9242929F22F191A8A7C34A970082FA4840A88D830C9D358212554BF785A8B198494508E324799A7CC53D6279965D3652AB4EB50EF5ACAAE635538846F58DFD91A840550993E4D45448C7D866D81FFA9F088DEB417F89F7AC21D71C349036D14E88D4616554696E08E030DFF2FFC02","0"
"18","TEA_PURCHASES","TEA Backstand Purchase Schedule","0","0","0","0","1","0","0","0","1","17520","17519","8781","8779","8780","#2021-12-18 17:01:00.000#","#2023-12-18 15:01:00.000#","0","63072000","3600","3600","#2014-01-13 05:01:00.000#","#2023-12-18 15:01:00.000#","0","0","2","","0","2","","0","0","","0","","#2022-10-11 18:51:29.788#","#2021-04-01 22:12:48.445#","3","T=HZ;500000005D0000001D8C2D0E80300C463D09A70089C06070A56B4242B32CFD5A81EAFD6FC1867E3F78B16E2E942D8C6F8220C1B794503969D9E7094360520E25979217F103A75A3A3E3A0E6B1AF8171C66523D412A18F507","1"
"19","DUKE_CAL_DSX_60MIN","Hourly Integrated DS1, DS2, and DS3 Schedules from Duke signal e","0","0","0","0","1","0","0","0","1","24000","23999","14363","14361","14362","#2021-03-17 21:00:00.000#","#2023-12-12 19:00:00.000#","0","86400000","3600","15","#2006-04-02 06:00:00.000#","#2023-12-12 19:00:00.000#","0","0","2","","0","2","","0","0","","1","DUKE_DS_SIGNALS","","","3","T=HZ;250000004C0000007309F576D57109368C0FF674F773F4897775F6F0B7725436E5E57281C818E1943146970100","0"
"20","NUCLEAR_GEN_60MIN","Catawba, McGuire, and Entitlements integrated over 1 Hour","0","0","0","1","1","0","0","0","1","24000","23999","21221","21219","21220","#2021-09-04 14:00:00.000#","#2024-05-31 12:00:00.000#","0","86400000","3600","15","#2005-12-08 05:00:00.000#","#2024-05-31 12:00:00.000#","0","0","2","","0","2","","0","0","","1","NUCLEAR_GEN_15SEC","#2021-02-23 17:40:43.414#","","10","T=HZ;6D000000200100007309F576D571760C710C7772348C770FF20F0EB6725436E5E572419170F50BF10CF171F505D298D246B8F419E1D0E7EBEC1EEA19E48A691F5C02AF3E4CFBE01238DCE9EB8A2C13EF1B0E910C8E0C56D10971758C0F080D72F6700C760D8E770E0D0A0229F1F00F0D022A320000","1"
"21","ROC12_Pri_vc_Check","","0","0","0","1","1","0","0","0","0","960","959","491","489","490","#2024-04-21 14:00:00.000#","#2024-05-31 12:00:00.000#","0","3456000","3600","15","#2017-07-27 04:00:00.000#","#2024-05-31 12:00:00.000#","0","0","1","","0","1","","0","0","","0","","#2017-07-27 18:56:51.614#","","6","T=HZ;2E000000860000000BF2773634D271F6F08EF70E8F77F6F70DB0725436E0E50A020B0704796213C622043620CC3108BB11D824500401","0"
"22","KGSO","Weather and Load history for DUK (initially same weather data as","0","0","0","1","1","0","0","0","0","120000","119999","9081","9080","9081","","#2024-05-31 12:00:00.000#","0","432000000","3600","3600","#1996-01-01 05:00:00.000#","#2024-05-31 12:00:00.000#","0","0","2","","0","2","","0","0","","0","","","#2018-05-31 15:36:20.509#","6","T=HZ;5D0000009600000065CBBB0E40401046E15EE22928B750EB26E6C766319BBD98A8F6FDDF02A19068CF97A3A0342398294A1916C93CC88ED053D3D5957E8CA15EEC96FE92B07A044A39E08F6A378E1EE087383B9878C4EB298BD05BAFD01AA6434605DCDD4E","0"
"23","SEPA_SCHEDULE_NOT_LEADING_TIME","Hourly SEPA Deliveries from Santee","0","0","0","1","1","0","0","0","1","24000","23999","20900","20898","20899","#2021-09-04 13:19:00.000#","#2024-05-31 11:19:00.000#","0","86400000","3600","3600","#2006-03-14 20:19:00.000#","#2024-05-31 11:19:00.000#","0","0","2","","0","2","","0","0","","0","","#2019-04-17 18:35:34.707#","","1","SANTEE,PMPA_SEPA:A#5","0"
"24","DELIVERY_POINT_STATUS","Status Points for All Delivery Stations","0","0","0","1","1","0","0","0","0","1051200","1051199","817242","817240","817241","#2023-06-01 12:15:53.000#","#2024-05-31 12:14:53.000#","0","31536000","30","30","#2006-08-25 04:00:23.000#","#2024-05-31 12:14:53.000#","0","0","2","","0","2","","0","0","","0","","#2020-06-02 18:14:47.963#","","92","T=HZ;38010000CA0800007595C14EC3400C44EF487C053D72D864B39B96DB260A505115946D5471EAFFFF0544B65444DE5C67DED4716CA7F5BBEE9ECB3084E6F6351F6FF36579A94FE1F1A1DEF5F1FDE39F3E9E8EC89BCE7C2BF816F8A954FC7DD3998F828F82EF8A08FC1A2231A8C42012490492E0B3E033F06FE53534D4831B22413DB8C1099A9BE9C0CF5368F199CC10097C26333811558DA86A445523AA1AB81F6E8884AA81FBB11A49D548AA46523592AA413B65FA963F9505EFC874E6F13DB92112D4831BDBC479BAE20E9ACE3CF5603AF39DE03BE0E7CFB109C09BCE3C7DCB4C471EBF1BA6334F33369DF99E66E6C636B19CF96B6F3AF3F4464D679E3A307DCB5F27FE77309DAF001B7383EFA35707D5D3FAAEDB8247EB8648A885C7335F07B41713DD0BFE20F883D848BA28D3B983AC7ACEAAE7AC7ACEAA679C841B7F123F","0"
"25","DEVICE_SERVER_STATUS","All Device Servers Status (i.e. Duke, SOCO, Greer, etc.)","0","0","0","1","1","0","0","0","0","1051200","1051199","818791","818789","818790","#2023-06-01 12:15:46.000#","#2024-05-31 12:14:46.000#","0","31536000","30","30","#2006-08-25 04:00:45.999#","#2024-05-31 12:14:46.000#","0","0","2","","0","2","","0","0","","0","","#2019-04-22 15:06:26.405#","","9","T=HZ;53000000BD0000000B8E0C56D171777473F3738D8C0F0E0AB30A5636E0E50A068B06B9BA06A18979F8078738A2F19D90F841FECEDE1E9E3E3E68DA5C42BD5DE33D9D9D03D0C4831DFD425CB1CA201B6484241EEAE7E9EF07530B00","1"
"26","WESTMINISTER_COMM_STATS_15MIN","Westminster RTU com stats at 15min intervals","0","0","0","1","1","0","0","0","0","35040","35039","2389","2387","2388","#2023-06-01 12:44:30.000#","#2024-05-31 12:14:30.000#","0","31536000","900","900","#2007-07-27 04:59:30.000#","#2024-05-31 12:14:30.000#","0","0","2","","0","2","","0","0","","0","","#2020-05-07 15:51:35.976#","","14","T=HZ;720000008C0100007DCF3D0E80200C80D1DDC453B83AE8EA56B141E20F84561DB9FF2D8C2EA015D7BE36CD7720356DADC6292C48041A29F430745035657148D3D60A74E815AE1C3697931D6623CED82C68372631B70C73FC482B67364807AFF6149D37D98C87BD332EFCCE4845645CF89571CF7F33928D987102","0"
"27","DELIVERY_VOLTAGE","Voltage Levels From All Deliveries","0","0","0","1","1","0","0","0","0","17544","17543","9058","9056","9057","#2022-05-31 13:15:30.000#","#2024-05-31 11:15:30.000#","0","63158400","3600","3600","#2007-05-16 04:15:30.000#","#2024-05-31 11:15:30.000#","0","0","2","","0","2","","0","0","","0","","#2020-06-02 18:12:45.215#","","46","T=HZ;9E0000006A02000055D1CD0AC2301004E0BBE05378F590343F556F9B128B502A546ADFFF4D648BDDCC1C3F864D661329C5F9EBF72117773E0DD38BD11DA8F269892220A2900A2A21F281519ECE0BA9A0ECE271A9AE13524105CA026591B24859A22C51662D2759DBA28A76E22E9B9AEBD62A2B6C6A790FDE213CC045444264446FD7AE33FC9022226C68ABF05D7AC21D71C3A68996E067E9E9595A0BDD83D6CD422A54FEAF1F","0"
"28","DUKE_MIXED_LOAD","Duke System Load every 15 seconds","0","0","0","1","1","0","0","0","0","691200","691199","563217","563215","563216","#2024-02-01 12:15:30.000#","#2024-05-31 12:15:00.000#","0","10368000","15","15","#2005-12-08 05:00:00.000#","#2024-05-31 12:15:00.000#","0","0","2","","0","2","","0","0","","0","","#2015-11-13 14:49:52.839#","","3","T=HZ;3E000000510000007309F576D5098E0C0E71F58DF7F17774B1725436E0E57201899A19C4FB7AFAC5FBFAFB8578F844C607B83A7A63CA3A870605B9FA85C4FBB806071B82A401","1"
"29","KCLT2","Duplicate of CLT, starting 8/8/2017. Per surv. support for ROC12","0","0","0","1","1","0","0","0","0","120000","59719","1","59719","59720","#2017-08-08 05:00:00.000#","#2024-05-31 12:00:00.000#","0","432000000","3600","3600","#1996-01-01 05:00:00.000#","#2024-05-31 12:00:00.000#","0","0","2","","0","2","","0","0","","0","","#2020-06-09 13:42:17.293#","","6","T=HZ;5C0000009300000065C93B0A80400C05C05EF0145A6EA196764BF244F193251B0D56DEFF16223682ED8C23DA080DB4D8458BEC4C7240FB583565E19F63789269B3FF18D6048DB62BFEE9D3C63901FC563E731D389E323830BFA6426D1766BF48D6F4D00D","0"
"31","PMPA_15SEC_WLOSS_LOAD","PMPA Load Samples - 15 Seconds","0","0","0","1","1","0","0","0","0","691200","691199","620881","620879","620880","#2024-02-01 12:15:30.000#","#2024-05-31 12:15:00.000#","0","10368000","15","15","#2014-01-13 05:00:00.000#","#2024-05-31 12:15:00.000#","0","0","2","","0","2","","0","0","","0","","#2015-01-08 05:25:05.106#","#2022-07-28 16:25:39.858#","1","SYS$,PMPA_MW_COMP_WLOSS:A#0","1"
"32","LOAD_FORECASTS","Created per suvalent support","0","0","0","0","1","0","0","0","0","744","744","218","217","732","#2020-10-09 09:00:00.000#","#2020-11-10 16:00:00.000#","0","2678400","3600","3600","#2020-09-30 04:00:00.000#","#2020-11-10 16:00:00.000#","0","0","1","","0","1","","0","0","","0","","#2020-09-30 16:40:51.456#","","1","ROC12,LOAD_FORECAST:A#0","0"
"33","LOAD_FORECASTS2","Created Per Survalent Support","0","0","0","1","1","0","1","0","1","2160","2159","933","931","932","#2024-03-02 13:00:00.000#","#2024-05-31 11:00:00.000#","0","7776000","3600","900","#2016-10-06 04:00:00.000#","#2024-05-31 12:00:00.000#","0","0","2","","0","2","","0","0","","0","","#2020-11-09 21:54:26.210#","","70","T=HZ;3A010000C10600007D944D6E84300C85F7957A8A6E67C15F40EACE09198A861014C2A059E5FEB7681916C5B193EDF3F7EC27D909485994B7C71E9435CB377C89CF0FB84A41AF7E34E07598EDAEC1FF6897A3CE9A9AC6B8299218BCA27895C035AC71772431784DF13A833740F97F8D3348C6203306417991C15B8AB7097C807B5146F9B1C619246348E53F8A15E553EB1A9C2EAA3810D238431C08698CA16626D474427CC509EC526482D4B920F1ED608D33301392B77314053341E426086682C84D68299F3CB7BF5AC704EA72813A2650970A34C116BF5F243178BC03AC7106C9185281B6F9F8CADA2298710E8F27B8AB8CDA2089E9D250BCC9E02DC5536BD935F9239144F0F79BB80DEB12D464B75ED9E7FB8914B8D6EB7DB1E3ECA9CB6BB368077E73FAB439ABCAE897405294E0AC4D16FA70B74E2B587DCE14FACD98D741FC02","0"
"34","DUKE_MIXED_LOAD_MIN","Monitor Duke System Load every minute","0","0","0","1","1","0","0","0","1","172800","172799","27738","27736","27737","#2024-02-01 12:17:00.000#","#2024-05-31 12:15:00.000#","0","10368000","60","15","#2007-12-08 05:00:00.000#","#2024-05-31 12:15:00.000#","0","0","2","","0","2","","0","0","","1","DUKE_MIXED_LOAD","","","3","T=HZ;41000000510000007309F576D5098E0C0E71F58DF7F17774B1725436E5E57201899A19C4FB7AFAC5FBFAFB8578F844C607B83A7A03650D50659D4383825CFD42E27D5C83830D41D200","1"
"35","LOAD_FORECASTS3","Created per suvalent support","0","0","0","0","1","0","0","0","0","2160","2160","879","878","2159","#2024-02-27 18:00:00.000#","#2024-06-01 04:00:00.000#","0","7776000","3600","900","#2020-09-30 04:00:00.000#","#2024-06-01 04:00:00.000#","0","0","1","","0","1","","0","0","","0","","#2020-11-09 21:55:45.281#","","1","ROC12,LOAD_FORECAST:A#0","0"
"36","SURPLUS","Hourly and Monthly Surplus","0","0","0","1","1","0","0","0","0","18000","17999","12905","12903","12904","#2022-05-12 14:01:00.000#","#2024-05-31 12:01:00.000#","0","64800000","3600","3600","#2020-11-20 22:01:00.000#","#2024-05-31 12:01:00.000#","0","0","2","","0","2","","0","0","","0","","#2022-10-11 18:51:08.481#","","8","T=HZ;55000000300100000B0E0D0AF0090DD6710E0D0A8AF7F5F70BF1880F76F40B71758D0F86C858392A1BF07241393A0141AE619EFEA1C1A42B7509F5C6A110C96ADC8AD04C0B71758C77F20E0EF173C16916914A821D7D5C09DB05570500","0"
"37","PMPA_RH_5MIN","5-min interval readings for PMPA and Rock Hill system loads","0","0","0","1","1","0","1","0","0","131040","131039","85714","85712","85713","#2023-03-03 12:15:11.000#","#2024-05-31 12:05:11.000#","0","39312000","300","300","#2005-12-08 05:00:10.999#","#2024-05-31 12:10:11.000#","0","0","2","","0","2","","0","0","","0","","#2014-10-27 15:12:03.168#","","2","T=HZ;280000002C0000000B8E0C56D109F00D708CF70E8F77F6F70D880FF7F10F0EB6725436E0E50A064906F93B03E5400200","1"
"38","GAF01B_15SEC","Gaffney 01B primary and check measured at 15 second intervals","0","0","0","0","1","0","0","0","0","518400","518399","437466","437464","437465","#2023-09-13 17:55:15.000#","#2023-12-12 17:54:45.000#","0","7776000","15","15","#2006-02-01 05:00:00.000#","#2023-12-12 17:54:45.000#","0","0","2","","0","2","","0","0","","0","","","","2","T=HZ;220000002E000000737774333074D271F6F08EF70E8F77F6F70DB0725436E0E5728788070479228B0300","1"
"39","PMPA_Load_Nuclear_Generation","60-minute PMPA Load and Nuclear Generation","0","0","0","1","1","0","0","0","1","2160","2159","1954","1952","1953","#2024-03-02 14:00:05.000#","#2024-05-31 12:00:05.000#","0","7776000","3600","15","#2009-11-25 05:00:05.000#","#2024-05-31 12:00:05.000#","0","0","2","","0","2","","0","0","","0","","","","2","T=HZ;2F000000320000007309F576D571F6758D77F50BF10CF171F505D2F1DEE1568ECAA6BC5CC191C12A3A01BE018E409178677FDF00903000","0"
"40","SPC_RH_60MIN","60-min average (from 5-min readings) of PMPA and Rock Hill syste","0","0","0","1","1","0","1","0","1","10920","10919","9106","9104","9105","#2023-03-03 13:00:11.000#","#2024-05-31 11:00:11.000#","0","39312000","3600","300","#2005-12-08 05:00:11.000#","#2024-05-31 12:00:11.000#","0","0","2","","0","2","","0","0","","1","PMPA_RH_5MIN","#2014-10-27 15:13:23.711#","","2","T=HZ;280000002C0000000B8E0C56D109F00D708CF70E8F77F6F70D880FF7F10F0EB6725436E5E50A064906F93B03E5400200","1"
"41","FORECAST_COMPARE","Compare Forecast with Actual Data","0","0","0","1","1","0","0","0","1","720","719","682","680","681","#2024-05-01 14:01:15.000#","#2024-05-31 12:01:15.000#","0","2592000","3600","60","#2010-02-16 05:01:15.000#","#2024-05-31 12:01:15.000#","0","0","2","","0","2","","0","0","","0","","#2020-10-23 19:18:37.942#","","18","T=HZ;7B000000C901000075D0C10A83300CC6F1FBC0A7D8D5439CCEC36EA14429535B6A478F7DFFB798181943BF5EFFC98F40CC64A9A97DB0F99DB271B37FF1FD59DDCC9E8F94658D76E6283A135E11D18CC9C8033DAE44738104A19681D18ED1C41FEA003A3A468B246AAF463326C19906BC407391500FC996CB577EEFD9129DD2FF3A7D01","0"
"42","ROC_CAPACITY_LOAD","1 Hour generation and load points","0","0","0","1","1","0","0","0","1","720","719","106","104","105","#2024-05-01 14:00:00.000#","#2024-05-31 12:00:00.000#","0","2592000","3600","15","#2010-03-12 05:00:00.000#","#2024-05-31 12:00:00.000#","0","0","2","","0","2","","0","0","","0","","#2010-06-17 17:44:39.051#","","5","T=HZ;530000007D0000000B8E0C56D109F2778E77F675B5725436E5E50A868904BB0638A2097987C73BFBFB06C4877B8678C4FBF80707BB0623A908F00D704428014903250D8092FEA1211EAE417E3AC101CE405D8E2EF1BE8E11202900","1"
"43","DEL_POINTS_60MIN_KW_KVAR","All Delivery Points integrated over 1 hour using 15 second inter","0","0","0","1","1","0","0","0","1","2160","2159","307","305","306","#2024-03-02 14:00:00.000#","#2024-05-31 12:00:00.000#","0","7776000","3600","15","#2006-02-01 03:59:59.999#","#2024-05-31 12:00:00.000#","0","0","2","","0","2","","0","0","","0","","#2014-10-03 03:18:10.849#","","20","T=HZ;5C0000009E0100006DCC210A80401040D12E780AAB61756736D866440C22CA068DDEFF1606115CFCF5F379E61EBA7639AF715BF7C11AAD2B7BD261F913E73C85DECAF16D703A9C4E670433A219C18C680A9882A68029682A988AA682A968A6FF98CAEF06","0"
"44","PMPA Load Forecast","Load Forecast for the PMPA Load","0","0","0","0","1","0","0","0","0","4320","4320","2516","2515","4320","#2023-12-04 05:00:00.000#","#2024-06-01 10:00:00.000#","0","15552000","3600","30","#2012-01-11 05:00:00.000#","#2024-06-01 10:00:00.000#","0","0","2","","0","2","","0","0","","0","","#2019-06-07 16:11:05.519#","","26","T=HZ;8C000000E80300008DD13D0A02311445E15E70155AA6C88DFFD38571443021C3440953BDFDEF421C44B03BEDBBE7555F9DEBD68D798C969BF5258FD652A9D56E651AFA589F5DDCF8F5AA0DD5CB3DBEC5FFB63CDFCB6B4AB3A512AFBFD97D8EE63DCBC4B2C0B21DCBF62C3BB0ECC8B213CBCE2CBBA04C4C414C414C414C414C414C414C414C414C414C213085C0140253088BC21B","0"
"45","DELIVERY_POINTS_5MIN","All Delivery Points measured at 5 minute intervals","0","0","0","1","1","0","0","0","1","216000","215999","954","952","953","#2022-05-12 12:25:00.000#","#2024-05-31 12:15:00.000#","0","64800000","300","15","#2012-02-01 05:00:00.000#","#2024-05-31 12:15:00.000#","0","0","2","","0","2","","0","0","","1","DELIVERY_POINTS_15SEC","#2020-06-02 18:12:10.446#","","47","T=HZ;B4000000910300006DD23D0EC2300C05E01D8953B032244DD3029B53850A515A545465E4FEB70077CBF35B3FD94EFC2329397F7E96EFB0BCDE3739C5E361981E8C9A9AB27C304A29586A8558B2166B1AE5EEBC104BD6E06FE39A5D83A96A98FAB740E20289C32E76237191C44512D7D534C986B353C25777836A732E3800A560A9AD695D06EF2C79432411B7A5D459EAE1FFDB6C6E4BA9B504C54A36E7A6F5AF962EB66F9CFF6E644F3DD91376A0976A1BF564019D104B644695FD00","1"
"46","PMPA_60MIN_LOAD_MW_WLOSS","PMPA Hourly Load with transmission losses in MW","0","0","0","1","1","0","0","0","0","24000","23999","21347","21345","21346","#2021-09-04 14:00:30.000#","#2024-05-31 12:00:30.000#","0","86400000","3600","3600","#2013-10-07 04:00:30.000#","#2024-05-31 12:00:30.000#","0","0","2","","0","2","","0","0","","0","","#2023-07-06 15:32:19.091#","#2023-07-07 14:26:19.941#","3","T=HZ;48000000600000000B8E0C56D109F00D708CF7710C0EF108720C738FF70D8F77F6F70D880FF7F10F0EB6725436E0E50A862B730E0D0A0A720C71F6700D81488145035C1DBD83754072AE7E21F148F200","1"
"47","15SEC_DS_SIGNALS","15 Second DS1, DS2, and DS3 Signals from Santee and Duke Echos","0","0","0","1","1","0","0","0","0","1036800","1036799","65103","65101","65102","#2023-12-03 12:15:30.000#","#2024-05-31 12:15:00.000#","0","15552000","15","15","#2014-01-13 05:00:00.000#","#2024-05-31 12:15:00.000#","0","0","2","","0","2","","0","0","","0","","#2022-12-07 16:55:57.208#","","17","T=HZ;AD000000190200008D90CD0E82301084EF263E851E3928E8C5DBDA6E80D0D2A6DB423CEDFBBF851430B1F213CFDFECCCCE10B41E31937465124C75D9827AC0E9723CD087E49BA4D824B7489E0D799970199A9F2C46519904E67BB0D8838BD0A5E4CE565B60D9B0EED3CF83B32A50E6115804E7B0F54CA090521C1157263886AEE468CA33DAD34DB3AC2BADC3EE1FC754B7EA388D3F1624B4F0555C68E4A151ED15EAD84CF7F3C98BCED3C1308730DA72AF0C8D7E6F","1"
"48","60MIN_DS_SCHEDULES","60-Min Integrated DS1/DS2/DS3 Signals from Santee/Duke Echos","0","0","0","1","1","0","0","0","0","17520","17519","3394","3392","3393","#2022-06-01 14:01:00.000#","#2024-05-31 12:01:00.000#","0","63072000","3600","3600","#2014-01-13 05:01:00.000#","#2024-05-31 12:01:00.000#","0","0","2","","0","2","","0","0","","0","","#2022-12-07 16:44:34.756#","","11","T=HZ;7A000000690100000B76F40B7175D57109368C0F7606220F5797501FD77857670F7F2B4765035EAE60980223420A8C092930012970F20E0E71C1A6CC25D41B9F3BA0D2B85C0195C6E506A834512E3085CB41DD1F19ACA213E2EA181F101AE4ECE118EC1A1CEF1C1A14E4EA1712EFE11F1A84A637C037C031DEC53BDE37DC03C51C00","1"
"49","bkstand","","0","0","0","0","1","0","0","0","0","57600","57599","31884","31882","31883","#2023-12-02 17:50:45.000#","#2023-12-12 17:50:15.000#","0","864000","15","15","#2021-01-01 05:00:00.000#","#2023-12-12 17:50:15.000#","0","0","1","","0","1","","0","0","","0","","#2022-10-13 15:50:01.619#","","6","T=HZ;67000000CA000000758D310E83400C04FB48BC22295350A7737C960EC59093D72EA8FCFF5F9020909048EA999DC58CDBDD85B285712508125CA584CA83AE7D77C159E03093C9B3BEC3FE4A7B257D18054E633BA84CCAA1E452F249FCFAE0A96C38AC69608DED3F2015FC5E6FFA172E","0"
"50","KCAE2","Weather and Load History for NEW 5 & 6","0","0","0","1","1","0","0","0","0","120000","61675","1","61675","61676","#2017-05-18 20:00:00.000#","#2024-05-31 12:00:00.000#","0","432000000","3600","3600","#1996-01-01 05:00:00.000#","#2024-05-31 12:00:00.000#","0","0","2","","0","2","","0","0","","0","","#2021-05-24 16:59:20.367#","","9","T=HZ;64000000D00000006DCBB10E40301446E15DE229183B58186C57EF2F04BD4D5B6E4CDEFF2D0C1652EBF972149426046309975D65672B07424F555316FA32867A995DCA2561F30894F6801C75761C3DC00FC533D686E9945181E5690EDAB46416BDAC6CFED586BC757FEDF3DE","0"
"51","Surplus_n_Backstand","Records monthly accumulation of surplus and backstand energy","0","0","0","1","1","0","0","0","0","133","27","1","27","28","#2022-03-01 16:30:00.000#","#2024-05-01 15:30:00.000#","1","345600000","2678400","43200","#2022-03-01 16:30:00.000#","#2024-05-01 15:30:00.000#","0","0","1","","0","1","","0","0","","0","","#2022-03-01 15:54:35.188#","","3","T=HZ;3D000000790000000B0E0D0AF0090DD60908720DF3F40F0D8EF7F5F70BF1880F76F40B71758D0F86C85A392A1BF072056357EA12EA4D9CC21057C77827EFE0103F17903200","0"
"52","GENERATORS & LC","Hourly Data for LSG Generators and LC Del.","0","0","0","1","1","0","0","0","1","26280","12143","1","12143","12144","#1601-01-01 01:00:00.000#","#2024-05-31 12:00:00.000#","0","94608000","3600","15","#2023-01-11 05:00:00.000#","#2024-05-31 12:00:00.000#","0","0","1","","0","1","","0","0","","0","","#2024-01-29 20:50:07.424#","","16","T=HZ;730000006701000073770A088F7771D57177098E0F7075F40EF6700C737577F58BF70EB7725436E5E572872A080F0930C42668844D303EC43FC4D10721E30C91090E88071A6D8843DC08433C1C87FA7034F5CEFE411E60714F1F1767C7100CF53ECE9866F83863DAE7E36C8C45CC048B98291631332C62E6503100","0"
"53","KOHLER_GENERATOR","PMPA Backup Generator Status","0","0","0","1","1","0","0","0","1","525600","525599","356178","356176","356177","#2023-06-01 12:17:00.000#","#2024-05-31 12:15:00.000#","0","31536000","60","15","#2022-09-27 04:00:00.000#","#2024-05-31 12:15:00.000#","0","0","1","","0","1","","0","0","","0","","#2022-09-27 13:01:22.228#","","6","T=HZ;41000000AA000000F3F6F7F0710D8A7777F5D309368C0FF00FF60CF1F4F7B30A5636E5E5F2469233C22D17E21A1C121F1CE218121A8C21E7E3EFE8128F4F0110E3940AF27441920300","0"
"54","KAGS Test","Test Import for KAGS","0","0","0","1","1","0","0","0","0","720","719","154","152","153","#2024-05-01 14:00:00.000#","#2024-05-31 12:00:00.000#","0","2592000","3600","3600","#2022-12-02 05:00:00.000#","#2024-05-31 12:00:00.000#","0","0","1","","0","1","","0","0","","0","","#2022-12-02 16:20:31.005#","","5","T=HZ;510000007F0000000B77750CF1700DD271740F8E77F6F10F7571F60F730DB2725436E0E50A479273710D0FF0F7F40BC1940971F50D700D720C090D72C5940CF7F473090E7075758148393A391918EA7887C73BFBFB06808400","0"
"55","ENERGY_AUDITS","Used for auditing energy to reconcile 3rd Party Invoices","0","0","0","1","1","0","1","0","1","24000","12944","1","12944","12945","#2022-12-09 04:00:00.000#","#2024-05-31 11:00:00.000#","0","86400000","3600","15","#2022-12-09 05:00:00.000#","#2024-05-31 12:00:00.000#","0","0","1","","0","1","","0","0","","0","","#2023-12-18 15:03:10.538#","","21","T=HZ;DB0000008A0200009590C16AC3301044EF857E457BF4A14DF125B7CD6A8942245B68B50939EDFFFF45645B761C0B420302C1BE9166668D9CA931FCAB8CF95832E248096DBF87AFF6F3C34C78F71AFFBDC6EDC25663F459D9A55372E4F3AD0E38D90897A3FAEB2463E81251137C00650A50A61283136E1281A2C438BC6570C4351EC71A225DD446CD5F17C98DBF471E24A2055E34BD6C55A3F73A9962EF835E5DCFC58F3A8AC79B8298537A449D4D274DF66A0E80674ED09931F4539E675CC51D70693517AE415DB25EDECF3FD26E35EFE1796D080EC54122A34BB1E9F51697FC03BC03","1"
"56","Litchain","Litchain Historica Data","0","0","0","0","1","0","0","0","1","70080","32979","1","32979","32980","#2023-01-03 05:00:00.000#","#2023-12-12 17:30:00.000#","0","63072000","900","15","#2023-01-03 05:00:00.000#","#2023-12-12 17:30:00.000#","0","0","1","","0","1","","0","0","","0","","#2023-01-03 15:24:39.239#","","2","T=HZ;310000004900000073770A088F7771D5090E758D8A373230890F0E750A0972F40B76F20E8A373572B40A5636E5E572C7A7CA3BDCCA51D91400","0"
"57","TEA_API","Minute by Minute Data for TEA API Values","0","0","0","1","1","0","0","0","1","86400","86399","78258","78256","78257","#2024-04-01 12:17:00.000#","#2024-05-31 12:15:00.000#","0","5184000","60","15","#2023-04-13 04:00:00.000#","#2024-05-31 12:15:00.000#","0","0","1","","0","1","","0","0","","0","","#2023-04-13 12:40:36.567#","","2","T=HZ;29000000320000000B7175D4717274F60E0E71F47389770E0D0A72F50BB1725436E5E50A014A05870605F88406234B0000","0"
"58","TEA 15SEC","TEA API Information w/CUR & PREV Hr Averages","0","0","0","1","1","0","0","0","0","28800","28799","7743","7741","7742","#2024-05-26 12:15:30.000#","#2024-05-31 12:15:00.000#","0","432000","15","15","#2023-10-03 04:00:00.000#","#2024-05-31 12:15:00.000#","0","0","1","","0","1","","0","0","","0","","#2023-10-03 16:11:56.090#","","6","T=HZ;3F000000AA0000000B7175D4717274F60E0E71F47389770E0D0A72F50BB1725436E0E50AC1908AF7088A770C73C7261D10E41A86211D1C1A14E0131A8C692CB2044E5D68460200","0"
