"PKey","Name","Desc","ProjectId","ProjectMap","RepType","Switches","Default","GroupId","Xml","Dashboard"
"1","ANALOG_POINTS","All System Analog Points","0","0","1","T=HZ;7F000000960000004DCA4D0AC2301040E1AB083940524137431643929642FE2013F71183046A05ED527A76832B570F3E1EA7725DAA2F8F2AD1A30D530CB3A7C463B9D7F06A75DDCAD69EAB14073EB6BADCDED2A333B06B3362B60402861380F86893D4BF1E7F7A419BFBEC3B9C41882E343B93085D843D29D4984951B041A1ED8F00C606D6FB05","0","0","","0"
"2","Comm Line Stats","All Comm Line Alarms","0","0","7","T=HZ;A2000000C20100006DCDC10A83300C80E187598F83BAF3E821D64C8B35294945DCC5F77F8B591006B5B7F2E54F6A138CC8129032E4C0E4124B1608D9B20C286E506F8188AFE9CBFA09FD8C83EB6C924079422859675745C97B427510A3FD325DAF1C165C78C0B2C0E7823A637457F384BE3F7C7CA831EF4B7C0C9520E8E1A7B9A1E7E7958EF069B4451BAD60AB3DF5DE46581B6DD17B4BB835DAA2F776A55A36D44A847DE35ED1FFBD1F","0","0","","0"
"3","Easley_System","12-Month Easley System Loads","0","0","4","T=HZ;DC000000570100006D90C16AC33010447FC5101D13249752131741164BAE97445A4752127C3286E410525D6A5FF2F755D3D0169A3DCDCEBEC3CE700501BC0EA82463CD799CD4300DFE348D6585A1EB5F8441DBAF0FFD7A0F8E317EA72D182DFF03BC7664E49310C5422C17B9C8F2E7522C4B51F0400F6D78231FC005297EE4CEE27D6DB5435232FFD5B75BC12BB20A0392AD48692F2D7185BEDD40B7DDC1066BD4EEDB849072195D933310648C313B1EE7D935CDAC69CA1839FADBC3896D096DF0A902DF7936D7E0BF225564DA1930B6122B3D8CEFA76B7639BCFE4552E447D01E3E3E01","0","0","","0"
"4","Easley_Subs","12-Month Easley Substations","0","0","4","T=HZ;F6000000D30100007DD0B16E83301000D05F4182A19112D94E20A8549672C1A63915DBD4765A654254E9908176800EFDFBA240DB25C2D3F9EEDDC96722C083931E058FA2C3A5EB45D337EEBDEF32214B7C91F6545706B577F5962AD45144A6060D4AF29B8614D628BEA6345DD1FB15A3018B33B6CE584ABCB9998647E33C58CFE95F78D4385D2B69D108CEFEE36B2D25B9D1023D1A9D1B211DD78608745509A7E7239458A0B46312FCB09D9285B10A3C6FDB36389F97C1F770C2C3216B5B82EEFAE0C18E5B0C1F21C151B67C7AAD73A3AA10A26897ECDCD75BD737FDE5F32308D9C36836336633991866501CDCC5B09864320393DF69FB19B41DA6ED173F","0","0","","0"
"5","Greer_Subs","12-Month Greer Substations","0","0","4","T=HZ;FB000000010200007D904D6F83300C40FF0A1239B64AF8E890A822D59050AC41C29274534F88A93BF4C076801DF6EF875AD82E153939F6F3936D2AC081950E0527A4BC0EA3E8C6CE7E8C432A6485AFD29CDB46A372B67D62352A42E8DCA0A096FC21430BA36B1E32966C03B68D022F88D35D92B2903AFD300D476D1D18C7D95F7852387F1B69500B1EFCC7B75A4273AD043AD42AD7425AAE3415689B0ACE2F27A8B04069EE4970D376B52CB4A9C1F1BEEFBDCB65E3FD4CCF2FCBB4EF29DADBC013AB8D908683CDE97D9FE924472359089BE7B736D775E3032187DDC17EBF0F63375EBF3E3D3F84FD4C656B543653D19A2B5A5CD19A2B5A5CF19A2B5E5CF19A2BCE7E01","0","0","","0"
"6","Greer_System","12-Month Greer System Loads","0","0","4","T=HZ;E10000005F0100006D90C16AC33010447FC5101D1324B5B40117411649B697445A5752127C3281F8508A2E8E2FFDFBBA69680BCD9E6667DF6167B88104D126348AB1E6ED3299D3748AC3742935A6AE7F160E7DBF3DF6DB0304C6F88DF6E0ACFA0FF02A90530F42AC5752AC1E65219F4A214B2979A2BB36D4141384A4C48FDC7BBCADAD0D4846C95F7DBDADB9266F3021794DC646E5891B8CED0EBAD73DECB0421BBE4D48732E672B0A0E92CA3917E7F3B2F89867D13465CE1CE3F5E199A5606C5010356F097D8A7319B18B6C5907FB154E936B17C0D8466CEA7118C6E2FDF8F29798B3DF610E307E02","0","0","","0"
"7","PMPA_1Month","1 Month Load History","0","0","4","T=HZ;CD000000280100006D8FC16AC33010447FC5101D132425D40553952C965C2FB5B4AAB4A1E46402C9A107B587F8D2BFAF71430BA57B9A9D99C33C6981213B466B84E8DFAE933D4DA77C99AE4DF411C65A790CE340608590B76A00EFCC9F547689BCD92A75BFD16AB3D395AE1BBD6BB6B564FAD78627CA0C898DFA918780B737BA84648DFED54B56CB968245460A2D59974D206931C7018E2F0718B04397BE4DE099C8BB8E920736A594EA7C5E579FF3ADFABE2945625E06CFDD481838CFF0F998C57AC17A7E1D5BF2710542ECEFF60FE1E3FDF2F805","0","0","","0"
"8","Web User Audit History","","0","0","1","/TABLENAME=SECURELOG/WHERE=DESC  LIKE  '*Web*'/ORDER=~Time/FIELDS=Time;;1;0;##1|Desc;;1","0","0","","0"
"9","PiedmontMap","","0","0","8","/PATH=""C:\ProgramFiles\Quindar\Worldview\"" /MAP=""CustomerA"" /VIEW=""MAIN_PAGE""","0","0","","0"
"10","LouisRich_Month","Meter Readings for Louis Rich - One Month","0","0","4","T=HZ;DC000000300100006D50416AC33010FC8A213A2648761AB798AA7891E466A9A575B43221271348203DB83DC497FEBE260DEDA5739A999DC3CC4A0B09D825B45A88EDFB75B2C7E9C8E7E95AB5047668283A039CB81042DEA301BCD32DF5C84344B31D4AE531C82692D785524F2B55ACF275966F2AF558E5A54CF4AF0DAFC40962D2EA97F601EFB27311C9EAFC8FDF6EA534142C26A460C83AD681A445EE5A38EC7A68B141177F4C48F324EFE6FA1E921EC7313B9D96D9D78CC5E5528DA344BE159EB314AD8BDAB2911D61483CFF21B8BD7A58BEED0743BE5B8010F5A67E0E9F1FE797FA1B","0","0","","0"
"11","KGSP","","0","0","4","T=HZ;E00000005A01000065CE516B83400C07F0AF32E83D4EEEF4A12B8E038F4B6C8FA9717771D2A75150686176833AC6BEFD9CC8CA689EC23FBF8448306C02B2032DC4EE7419E1301E423F5ED2A76DA88590E401BD36C14A4B1538765459020C5A4970A12ECCFEB93185CB1DFA39333C1D2B31275F1AD6DF5345C31075DDEA784C87E16F6EA9083A962EE49E4ABDC720E726517112A975943CDCC59B54A9542592E91A6FAE714DAEE2307DDDA2E11DFAFBE9DF57C6B2466FB8F1B83242642AE37EF8C892F5E37F07D8CEFB0B82FEEBD6B4AE825023C282DAD3B9BB55B6A0062CBDA05F987D7BFFFC753F","0","0","","0"
"12","KCLT","","0","0","4","T=HZ;000100009C010000658F4D6BC3300C86FF4AA03E26D809A3EB320C31B6424C3E9459CE424EA5D04177C8A9B9ECDFCF4DB38D51E383F5BC8F84CC8DF28AC05B2319AB3EAF8B392D27FA58AE79AD1BCF184767C049459A6BEC8CF5163B8D06480A6E2CF58D9ADE06D5D8D2825B99F261580B25BA5679F9154E32CFC9F9BCBB5CF279FECD353624535E59F21DB9D068A974D8CA0928E2EB2B13E973220EE146E22917221759C43D069E8944EC13F112A5871FDEA3ED3C852F8CA07C052E0ECB1F3DB43D38E507073BC558218A1B29B2FDEB7FCFC0B8F66F52281F9DD176867A00B349B7FAD1D20D0E46E33BB84D5BC1DDA389586CD484E508506FF93D72A8D32CAEC7A3C6B6FF4BBE01","0","0","","0"
"13","KGSO","","0","0","4","T=HZ;DF0000005A010000658E4D6BC3300C86FFCAA03E2ED8F1601F1986184B59CD9228B59C859E4621830E16766876D8BF9F1BC2C6A84ED2A347E29560A3658C1E8C10DBF7D30C87F9C06FF3A9787E62124252000CC6B2938E5AF0D153EB08908D92E0B9ABED7ED7DBDA571EC3C26C4CCF1AAC2834369AEF54D93465E3B8391E8B69FADD3BAAD9E4D27315A8317B64B9345AE57799D299BEBFCA1F0AA50AA565A415DF642AFFC31DF936724A3DA08D5B0CD729EF6BC4A6C360631F70638528557926A5BE7DFCEF010ECBFD2AA5F1D2197C0BDC21C22A9DE74BCBD5D483A3170CABE63E3EBFC6E4FD00","0","0","","0"
"14","KCAE","","0","0","4","T=HZ;D70000005A010000658EC16AC3300C865F65501F1BECE4D0950C4384A550B324CA6C65A1A75168A13BE4D45CF6F673435819D549FAF449FC1A41209278B44A1DBE6F339EE653BCCCB7F2DD0129A53920050BD169C71D7AF1DC39468AD668F4B16FE0F83140E36B4F616120E9594B358716C4FEA4CAA6293B9F37D76B394D7F7BC74DB4B9F6B10EDCDA2345BD3485C98BCCECB2E2F525DF97C694A6D0C20FBC7FE09E7D2731A51E09E440619BF27E09B53D059021D00694AA4C752755B17BFBEF218DCBFD2AA5F1D9197D87B127C255BACFCF966B7840C79F14566D01C9FB05","0","0","","0"
"15","ROCK HILL","","0","0","7","T=HZ;B90000005602000075CD4D0AC2301086E1AB0866A9E4875A6D258B311D6DB1CD84245DD44DEF7F0B5370A1E0EC3E78E749648007521CD067C803793B82EF928380926287D1427212BCA74F56D2F5E89ED89515E2E0738FB09D2939278C7909982C8CA37C91FFAC3C4C385187E5649BF7489335CA5447A58FBAD9E9AA35BA356719A8BC96AC106949E210C9A9D3EAFAE71AF3BC4F425C7F42F9FA5FA8395173E20C1C29853337D6DC3873E1C885130D271A4668C5881218A139A139613861BEC51B","0","0","","0"
"16","All Analog Points","","0","0","1","T=HZ;77000000B9000000458E410E83300C041FC30328E788C3121B14D57122EC1CFA171E5F5C0E3DEDACED913C3B366145E5150A69476F45DDE6BDB090ADFDCD9F9496CB1C5E9AF642D14E1F0F8417496C3972171C16E0A5F2EDD47E97F44AD3B45CB929E546FC9802F3983C6D74827348FF7B109D8865C0F603D5A1C48278E90B","0","0","","0"
"17","All Status Points","","0","0","1","T=HZ;620000008B000000458C3B0E80300C430FC301A073C5109A8022FA89483A70170E0F8181C9CFB6ECD160C954A1D0AC06D6551A57D37165CAA8B3EC74C6182EEFB85561747758FFC077AE489A5CD70C9B3A18177A36451E13A7380CE1EA8260E4C59FA5563135A4F7ED06","0","0","","0"
"18","All Station Points","","0","0","1","/TABLENAME=STATIONPOINTS/FIELDS=PKEY;;1|NAME;;1|DESC;;1|UPDATETIME;;1;0;##1","0","0","","0"
"19","Delivery Stats","Alarms for each of the delivery meters.","0","0","7","T=HZ;69010000040900007D95416E833010450F539695302124A92A16864C13146223DB284A37B9FF2D0A192FDAEAFFEC901E6FFED8837139D993F830884B360DDEB5930F29D821953E1C25B436F6A575CE676ACAFE2CFD458ECBD3140697CE62D7D74C394709E93E496CED3896DFDEE5A7345CE5EA8FB20A7E11625B14F11E8B77DB75A67AF4E7CB23A4F92D16C5E71FB054FF0FFA71C08602626C98B14186D888331410A36646CD8CAD65CA4298D351A7634EC39486193B66EC9071B25FA6826BC98439702D9910074E52013282980DEE4C097370674A8853D39C9AE6D4B4DAFE1521397B9AB3A7BDE1813E01311ADA59433B6B68670DED0C7FCF4F42ABE11395779AE70032DA199F6805207F05383F13E6D07CBC034E6E66F78A806A4F023BC8843878D6993087E6E05907DFE33F9402506B05F0F354400C7C0632610E5C6526C43930E5C08C0F667C10A332C4A8E0B5A50629057FA80A88016FC0D9917B590131B6CCD83203CE5D01306E426E7205BF8C1F","0","0","","0"
"20","Delivery & Comm Line Alarms","Alarms for each of the deliveries & comm lines","0","0","7","T=HZ;C9010000AF0A00007D96C172823010861FA61C3B0388A89D0E8700A93262C224B18EBDF8FE6FD184E4A0F0FFDE70BFFD76176208F9248E529B412A27DCA0553369E38C185CAE4D2F4DD3DB2E174AE944CBBC3BC9EE2CFBA6C8273328779222A415F9D54AE3EE93B48D18C7FC4FAB74E5868BBCE85E7A355C8AA3B64E18D71C5E7E5ED5E07C91E790780AF846D2FC8A711D49E21402B6C9327BB7D9A768DBA27C74A7F3C357FEB059F6FD02FCE04BD08D03362220C686191B644861718F08885131A362C65630C513E6B4D469995333A566C68E193B641CC54F51C27B498439F05E12210E5CC908906164B1C19345C21C3C5924C4A9689F8AF6A968B5FD3B42FAEC699F3D9D0D2FE80C8851D3C96A3A594D27ABE964F8FF3C135A0DEFA8F4A4791F404671C53B3A02D03F00DC3F11E6D0FEF80928792B76EF08A83613384122C4C16B9D0873681FBCD64677F80D1501A81500FC7B46400CBC0712610EBCCB44887360CA81195FCCF822465910A384C756344829F8428D8018F004F4C73B3E332320C696195B66C0758F001837494EF20880E13F3C1EDDB8F84C5844FC4138D75C4743C1D7A83F9A406E88825C2351AE8FAE73FDFB01E486E83AD7EF3D901BA2EB5CBFC0203744D7B9FE212E227E2152E41F","0","0","","0"
"21","NEW CL","Newberry Comm Line Alarms","0","0","7","T=HZ;710000009E0000004D8CB10AC3300C443FA61E0BCA5E3C085BD4268E642485902EF9FFBFA8031EB21DEFEE1D74FC92682576F42A1CBBA82B5607D14C1AD11220B3CC76815428AD9447EA5AD90BE13D5B6037523F3B59C4D6E0273C93D78D36C9740B32048B21D869E1CD745CA9AC576A2F0BE1F3A0E378D23F","0","0","","0"
"22","ABB ALARMS","All Abbeville Alarms","0","0","7","T=HZ;7A000000B7000000658CB10EC3200C443FA68C95A073C5E0805550888D6C674817FEFF2F4AA4541DBA9DEEDD3BDFE1852C15C9C02A536C40591374F42C192582260F447CE1E053C1B4629EA94B252B08E72CF85D51ECE8A8115AF36FA62B59DD70E38CA7C053D0E89C1EEAEEB02C23B59B3AF7FC35E131E6ED10DBFF412AEB177C00","0","0","","0"
"23","NEWBERRY","All Newberry Alarms","0","0","7","T=HZ;920000006F010000758D310EC3200C450F53C64AB094A56270C02A28C44698A84A97DCFF164DAA0CAD1A36EBFFFFFC748107724D480D5A627219288887829A6BC0EA40BC06223E6AA37D443F62D8AE5213B588B0CF8C9E056B5B0A8A839CF58BE9B85A9A70E2803BC01B204E2959445D099FAB8FE3EAF34594BA7FA5DBE3FFD4DCE033AF6D3E6976E4AC19BACCD0636CD763BB1EDBF5D81FCF1B","0","0","","0"
"24","ROC 8,10,11","Stats for ROC 8, 10, and 11","0","0","7","T=HZ;830000000901000075CCB10A03210CC6F187A96341DD0AC52168A8725E2289375C977BFFB7A80737B450B70FFEF9C53678214B41EAD00B53A840492334B42C092580460B447C656763C6B8601AAB49A19E11CE33673745E97B430D50AB7D335DAB9715574E78021E408331BAABB90B47F738625E0EE9DB4D8D79FE84F1FD4FF06E224698083F13FE5B7C00","0","0","","0"
"25","ICCP Llinks","","0","0","7","T=HZ;72000000A6000000558BB10AC3300C053FA61E0BCA5E3C08FBD1982492919442BAE4FFFFA20978E9767077D4F90DB506098EA692BB5A18B720B50ACBEC855844879DA8CC280BEA45DD9AC40CBEB3897687C5D1E199D795BE2A83A26DD8B4E21EF41A3CA7E487A767DD179CAD947EBA7D1E9ED26B086709FCAB1F","0","0","","0"
"26","60Min DS Schedules","","0","0","4","T=HZ;090100006902000095924F6F83300CC5BF0A52732C4AA07FA63145224B8C1215121687032754A993BA03A772D9B71FED18DB2E2BF3C97AFED97A4F325522088460142744BF5D06751C8EF83A5CB23DAB8CED14762835A8A60424843AAFC07381924A679509C659E91420675419AC4BD1BE34A23485017FD344184F5750385F89C0DFC78AFB3E3E9D56E773D6F7F35CBA127942B5C160D18F8B060BEF2ADE0246F4D6A52C65317B8C5912B16DC658B6DB4434B84F3D49AE7AF2F0A5D7CED8806320143600AC1526638A39480752BB95202467799EEE9F7E70E9426EB390DB5EB9E70306F507AD9AC3028F1375C7E144DDF13751FF71B79B91DF495B24EB00A2AB1B2FF5F849D8C9C67BB0A1D3AEF1DFEC07","0","0","","0"
"27","TEA Purchases","","0","0","4","T=HZ;E40000004A010000558F316BC3301085FF8A211A6B243B7507178155DD198BCA92AB93064F26904232788A97FEFBAA2669E94DC77BEF3EEE71505111460392B1E17ADBE0B49DE873BBB511D532A5A0876C1363DC07C0208134D7DE8189C63BED0149561C0C4D56CD1F4959D31B0C2405CFDC4C1DB1F76154517EE529D7B53C9F0F974BBBAEBFBEF6F60731188A8E423E34D4073FCA19A9E0FB568BBA2E2B518AAA10CFAD106D732C78F477BDDEF5E6A14FDEB848B90BCDC49EFE7558480F08C9E24131D689AEAB5F5EEF39ADAC4E367F04CB9BD2EF1495833DD53C52294C36D10ED429047471216591FE58DF","0","0","","0"
"28","SEPA","","0","0","4","T=HZ;C8000000040100003D8FC16AC33010447FC5101D6B24394D4B0D022FD2BA5EB02547BB39E464022924079FE24BFFBE764A3BA7E10D73783A8000A350704A75F7C7122ECB85BF9647CD38C2C4BEC370EA718A49A61E2150FC9C8406544AA71C303B60AF7D8A818452F429203BA303F1D8C3F978829E5AC2FC6420B83DDB940710F7BDA69CE7F27ADDDD6EF53CFFEF3EF5ECACEE8825725E8FC46D4E833B2317FAD92A5399D27C94C616E6B536A63EEC0B2DE9975BBB71FBFEC7C744517895638882F8320E9BD6EAB603A59A43D3546F3F","0","0","","0"
"29","PMPA LOAD","","0","0","4","T=HZ;CE0000000F0100003D8FC16AC33010447FC5101D6B24BB89A106811749AE1724ADAB551B7C328114D2834FF1A57F5FD7A5D9D3F0866179D242067619AD1662F8BAAFF6B25EF873BDB76318616E54C0387B023B87F37CF6C42C84A4645DD2C0461A8A16335234641D6B252DF2E8617A7B078F3DBAB433C8DB83E07A4A01B2FEDEAE5C96F27A3DDC6EEDB23C7A439E752507E41C396D43E43E51D093E342EEA956755DAAA6542F853AB64AB5A7E742667AF0EA5854A77F3E12C6CC9B164F2C9E761D0F9C87041FAFBF3686C2F8A77400213AD57575F303","0","0","","0"
"30","CME & Load","","0","0","4","T=HZ;D00000000F0100003D8FCB6AC33010457FC5102D23A4A8AD5B0C020F925C0B248DA3511BBC328104D28557F1A67F5FD77DCCEA722E97E1080B05C8156F3563FDC77DB1E7E54CD7E5DE0C7180A996D1A72920D8299EA6534022C60466EBB20632C260B2BE784C06AD232D85F53404188F6F107CE75DDE1894F541741DE608457FAEC7E7995F2EBBDBAD99E7FFDE60207D10BDA79228AF434F5DC6A8474795D892924A71597379A8E4632365F3F4508982BFFC99AB974AC93F3EA04F85562D1A89ED379D0054FA0CEFAFDF3606E3F0A3B403C65AD9B6AAFE02","0","0","","0"
"31","Nuclear GEN","","0","0","4","T=HZ;DF0000001C010000658FC16AC33010447F45101D5AA891EC921E0C020B69DD885A92A395093919D3181C887268D443FFBE4E0EBD7418D8E12DBB304CCB2811A2D182D2DDF996F594279CF3AD7683EA4086F11DDCF8C6AD7194321F3404215131E59D36D178A7BC06149C69837D278FFB4176A635101E4CC6F5B385D6072BA3F85955A4549C4E9B65A953FADB2BDFA128D9CE607418D643836DF0561C01097BA48A5765C1EF267C5B735EBF72C2A2BFF3EA1FEFBD7111D73E7AF88017656104174DECC0AE73B4878DA4B4D936BDED2571DF9F9779FA2270CDE77C99D37CCDE4C91E96E7A62C7F01","0","0","","0"
"32","Delivery Point Status","","0","0","4","T=HZ;E4010000310C00008596CD6AEB3010465F25502F5B2CCB3F495D0C516CA51175AC54925B02855068A1779155B2B96F5F27A35EB8507DCA2AF8E46434A3D1C869279CB0D2A9AE4992CD9FD3B97B3FBFDBCFF3A9EE64AF5EA4D91F765A0DEE609D70A34D92549B4E9A46D8366DF5D029A7F4D0EA4EDA86A59DB2BB5EEC9F47D1ABB592E6FA4CB8E9DFB772ADCD56B8E6787CFBF878FB3B7D6EBEBEEAE3B13E9DFEFDA4D5BD6DB274A3AC1BAC995C65D7466F9BBDB4B3F4FA8D33CEEE327EC7F88CF19AB1BA58CC52A7FF7B5EFC3CBFAEDB4E69D9BD4D6E8D6ED97C75D81975306EBC993259B2E592570F9E8BD58A6531DC6E9E7EC76DAF904D18DA1CDB3C6C4B61516CC2D0CEB19D63BB10589F38F6C1AE780EFD12EB25B62B6C5761FB51AC590672F71CFB2077CFA10FBA8670D8369271B47AE2D847AB270EFD3C123F8FC4CF23F1F3487CD4B99E633F121F75EE859791F865247E19895F46E283DE271CB47B31A2A94118DAA8F69E631FE4EE79D01FE42B3A3984A10D72270CED02DB45D89E6EB18C856DC2D00637056164A3594B18DAA0DF08437B0E3AC6F3A03F0EF07E260C6DB06784A10D32271CB45F25BCDD09C3538EEAE2391C03F3C814416F5597764653CC73EC474E329A8297BE58E0B65A60FB1EDBF7F83881314218665E452A57452A57452A57452AF7DBCE7F03","0","0","","0"
"33","SERVER STATUS","15 SECOND FOR SCADA SERVER AND DNP/ICCP CONNECTIONS","0","0","4","T=HZ;FB000000DE0100007D905D6B83301486FF8A502F27895ACA7004CC92E33CD4262E270A42410A1D74175EE9CDFEFDB2D27DC0DC72159EE7E4E5BC615A7A49E0518B38AE5FE7459F9613BD2C73A1A147052381EBC18DE4A5EF288E99751A9C90A498B246A3476B94D54082338DD4367278EE64831582BB32E943F8012AEB0ED28B693A9ECFC7B77036974B314DC53C7F8D28DB9048598DE40DB9F016A972F62006A0885D6F19CFF284E749761FF16DC17991EF22E6ED8D6F93348DD2EC93B7168DA7D08A068AEF3A13161DC9F59B50A2E46599ED1E6EEA49569581E10FE9E0A3FD9AAA6DF89475FCF81B3BABF63536CD7A96EEF630A252EDBA26693CFC37F0333DFBD6EF","0","0","","0"
"34","SCADA SERVER STATUS","15 SECOND FOR SCADA SERVER","0","0","4","T=HZ;C50000000E010000558FC16AC33010447FC5101D1B243B2407158155698D176C6FAADD040C811048213DF8645FF2F715A1B4C99E86C7CCC2D3D18B67108C4EA9F67B5EE265B9F0D732DB08470C706648474867162F07564A538A909CE7A0030D1105690814819DD11179DFF9F1F3E03B6C10D28379C9CF7B6828F55EDC349DAED7D33DDFEA76B3D364E7F9AF12A86357EA1659064E798BDC24EADD085CE847AA4C55AE4DB5366561B6D618BBD9155AE8976F5EF99E7010CE563CB27A6B291BACB2406DEABADABD3FE18F7FFC03","0","0","","0"
"35","Annunciation Delays","Annuncaition Delays for all RTU Status Points","0","0","1","/TABLENAME=STATUSPOINTS/WHERE=ANNUNDELAY > 0 AND NAME  LIKE  '*RTU'/FIELDS=ANNUNDELAY;;1|NAME;;1","0","0","","0"
"36","Comm Lines","Settings for Communication Lines","0","0","1","T=HZ;370100003A0200008591CD6A032114465FC55DA00486590FB3307A93489D1FD4B6642956DAC08C16C74909F4E1AB992664D5EC84EF783EEFB55078C3A1C50DD4A46B386B41163DDE412718B40A2BD6B535C72D9504F750BCED41404D411284387B068456B4ED11F1E338BBA3D1F1E8DDD3AAE8040571C1D6D95C6C19702AEB7CAEAAF287EC93AD65AD2A2B751C2DDAD8F86DAD43D26837ADD13859B3507B217BD59495FCF4212261A72FEF268BF2253FC73B92EFFE48EEDDC77F20CDCE0C52CED1432DCDDE2BFD48DD779C0B7528ABDE0F43026338A7C5CC2E5ED234ED96285156CC451B06AB4F166DB5893E2C31E5908BD8FBB0B8EFC4208478CD2184E043321B7FB249BE600B8539CFFDA9A5C2A99DEAA86F1121B7C898799C079D5AAFA9620DC803C9E9E52FE4D9197479E3490F37C58BEAA4C22219E6E8A7A8431AEA17","0","0","","0"
"37","SCADA Server Statuses","","0","0","7","T=HZ;6B000000940000004D8B310EC2300C450F83472497196570138B58B476649BA1DCFF20345207B6A7F7FFC3412F3617D6A414D332CCD34912CD1B7BA1A848AA76AD0BD6CEF5CDEDA4E1A2D999E6ED819F60CF637014DA36FC9A5E94B2F36E8D6760671005208E807BB748BA05C0F34FAC53FC00","0","0","","0"
"38","Delivery Point Hourly Load","","0","0","4","T=HZ;66010000BA0500007D933D6FC2301086FF4A243C36B21392505245C2D80E584D626A9B22268444253A6482A5FFBEB12BD1E58E4CD63D7AEFEBBD50C93D77CA6BD910B2FDBEDDE5F97E765FF75B2D55A73F953D9E76460FDE9D2AD6EB81106AAC54B6914E506106A9BD36833052B98651A9DDAEE3C78F3DEF74AB958D31EEA7ECBD6A8DEDB96F7EA62F1DC7F472995DAFF5383EB8309D6B72BAD5CE0FCE4E42ED5A6BFAE6A85C42E32B67799EB22ACDCA8415356375B148A837FFF12AC91EF1BFA6A799F87ACDB297F7C349987E37E384ACCAD52AAFDE08119D7E42729028EE104D207394141C476B149528A940B2E12DCBE04A11C1950282A7DD58C572245F4048BE09CD71D51C57215B8A085795B06A500764AC4060AB022940628DC8184AE09398089E0D313710D8DC4016F0A8FB01BBE440E01602810B1D1476E361DB480B61734F8CA860FB228255715CDC7404C536601412BEA264897A8BFF1A48A18EEF91F30A2278E741835C7F4440A55F","0","0","","0"
"39","Manual KW_COMP","Report to Show *KW_COMP values set to manual","0","0","1","T=HZ;9C000000E3000000454E490EC2300CFC4A0E91907A298BC4A12148263160354DA2C4A5EA898FF4F1D445888BC7B37869196E01230C682142488F9C28726DA72716B4A22B15A85FEBAEE9A7B74B436E760AA25763C5C27346F2EA72555AFF78ED0A3215F45A6F3997A277C94BCEAE31A1C494A268B53B69DDDE0983AF36F7381B73582A83F899BCB0C2E3B7915F04D72927F8DF2BEC056114DBECCDF1BC04A8BC1D12EF03","0","0","","0"
"40","Manual Analog Points","Report to Show Manually Set Analog Ponits","0","0","1","T=HZ;88000000C7000000458E4B0EC2300C44AF9245F6E523B1680892890D5884248A5D50EFD2C3538310ABF1F38C3F83C239538107452890EBB5552E2AC3EB469DE224D4756EC4E88E27E7FD8F65ECA4DC09BD7750D0A55A3055B45C5C6386AC5C8BF564DC7B3F5C98324A6C779A43D82EA2607E6334EA3A7D0BFBC3749D4AA6FFBD464FC893D9611376872583E8E790796F","0","0","","0"
"41","Newberry 6 Load","Load Data for Newberry 6","0","0","4","T=HZ;CC00000014010000658FC16AC3300C865F25501F1BEC784D0E1986B8B643C5622BB5DC964021143A680F393597BDFD42D7ED329D7EBE0FFD48DCEAA4C925B08AB1DDFD31DBCB7CA1CFF9515BD7C1D1C561EC1142A2B1121E02631CA375516932DC60B090008341EB48096E81FA4E0FFB83EEA005179F4CA7A5DDBB16A3D7494DD3F97A3D7F2DB3BADDEA69FAF3063B5205DF01A5407159046A237A3538CAF83349218B5C94B97CCBC4A616A21665C613BE789517322BE42FFF397AF929B893A8B6EB8FD368D0F72BCD5853368DACDE5F4AFF57DF","0","0","","0"
"42","Forecast Jobs","Information for Load Forecasts Using Weather Data","0","0","1","T=HZ;6900000079000000D30F7174F271F573F475B575F30F7275760C0E09D60FF7700D72B50D890C7055B0B15330D677F374F57109B6F54BCC4DB5B636AC09F04EAD04D1AEC5259E7925A94565D66EF945A9C989C5250A107E620E5036B824B1A8242413A8052E0BE2294417A726C75A1B0200","0","0","","0"
"43","Alarm Zones","","0","0","1","/TABLENAME=STATUSPOINTS/FIELDS=NAME;;1|ZONEID;;1","0","0","","0"
"44","Greer Alarms","All Greer Alarms","0","0","7","T=HZ;AD000000AD0200007DCE410E83201005D0C39465138C805D342CA63051A30201BAB01BEF7F8B6AE2A24DFABB9BE4CF9F373251CF318F1C2AD531063B53F0C5516219B3E76CA9384921C4336EA41BD84DECF729E531D481E9586BE4B370AE6BE262699EE52B8673AAE3C24BF47C14E25E285688B21671ED3337B7C7B65FD9727D5E8A10F7EFC40DD3CF84608750A7FD97806B2DFCA0855F2BE828E828E828E868E868E868E868E818E818E818E818E874A8D27D36DE","0","0","","0"
"45","Delivery Point Message Stats","Delivery Point Comm Statistics","0","0","4","T=HZ;4A010000C30500008D90516BC2301485FFCAC03E0EDA8CE083236096C41AD6E676B957872014C1817BE893BEECDFAF08D3599236794A724F72CEF9722D49A221AB4596ADBFCF177DB81CF0EB725E6853D9ADF1BB56415DB7489230CB72F0DA78A151E50A9CB664C129D00645916B8B4D25771F1B59D99535FE7A27A9FFBB362BF0B524D175FBE371FFD3AFD9E9B4E8BADB5C418582E56B8BE4D0F70F2DAE3CD4C2C1532E4BE8DD3D89E2BEDF384B825FCF8DF116B460FF0E7FD306AC23EC8BF517C5FCB9F1B6252059B535962D3A9AC92C5B16CBE5CBFC35ACF16A1BD3F4A161431819D706519606DB37A90312B57E9F4CF2A88927B959950031AF14CD48A3872F428D7802DBA126D4888FB3E50985F9347F9EC07FA809A71DE5C613D0F369B62C81ED50134ACBC6D9B204B66C9A2D4B603BD484D38EB265096CD938DB4F83634CEEE3B84B4013768976B98FA75CE25D7E01","0","0","","0"
"46","Single Delivery Point Hourly Loa","","0","0","4","T=HZ;C6000000FB0000003D8F4B6BC3301084FF8A213AC668ADB42E080416924C96EAE16A951643C00412480F3ED997FEFB9AF431A7E16366D9E156174DAEA0558C1D3F97D55ED60BDDD6455AE7F1DDE5711A12C642530B0123633C65EBB2B264B849D162C1144DB28E14708B34783DBE9DB4C71E5D7E305DB6EBC1F529075DD43C9FAFD7F3D7A6DDFD2EE7592ECB7FC4244FAAE147A412296F5DA43EA7A04647157F3801E250435B4353C19304904254BCA45FFE52C3A16AE08FFFFCBDCD321EA1D9BF7E4C268561A719EB9EBB4EB4DF","0","0","","0"
"47","Alarms","","0","0","1","T=HZ;90000000F20000007D8C3D0EC2300C46AF12A9D9D34A4C4419DCC4088BFCA0C4057A0006066E80383B49A1122C4CFE9E9F3F2B86D1638480063CE450D4798F194D61604AF1484E1821E58A892297AD87A9DF80942265F1F7D07AEA072955CA0EB379F2ED7E553B42EF8A01CB7442AD8747ADB6D19AB886F7C785A6CA147101B00774C035EA5E77DD6731CECD598F907F2D53C02FC24B732F","0","0","","0"
"48","Analoge Points LAU4","All System Analog Points","0","0","1","T=HZ;8D0000000B010000658E5D0EC2200C80AFC2014CD0CDF84278E84645928E22C579190F2F63C966E653FB7DFDD50506C208135A8840EC1387584427F0C839602C5002474B109D8C9050BF1F98519E6453C6C90BCEC4CAAA5ED506256B770AAEAAAE579C0FEAAA393BCC76B7A7E5B6BE0724273FDA98CB67A92CB11D72434DCDD974B795898FFC2F5EB28D53857D59FB7AA3796CF005","0","0","","0"
"49","Status Points LAU4","All System Analog Points","0","0","1","T=HZ;A100000028010000558F4B0E83300C44AF82C401C2A73BC4C28081089350DBB43D0C876F42914857F61BDBA3B151E8081DACD88A82EEB279EB54CC06137AB6E88268BD6B09DC203D6C68DE3332CA93CEFD30DAEC90B55955679EB37FE9613C0FC86D7437A3451A24396A9AF2889358A19F4115F9A70201AFD251BFDC84AF228532852A85FA8685123F05B9ECA8A30588D748E123DD59ED19A3299A3C2F0FFCD890F25A18092609CD17","0","0","","0"
"50","PMPA 15SEC DS","","0","0","4","T=HZ;F5000000230200008DCF414BC3301407F0AF52588E9624EDA6AE1268CC4B5D689BD4BC0CD9290C26CC434FEDC56F6F1D2AEA36B6770A7F7E79FC1F051924EA604010B27A1B46D88E5B7C1D87822F50AB0818D13C59D92021D479D05E002AAA9C05138CB3CA8146C12818EC1AB9795ECBC65446FB4326C3B4B8D595F3AD0CE27D9AB4EFD3DD6EB6DF177D5F0CC30F51AE41C1E9CA60B0E8A7BF062BEF5AB1D198D0C32B63599E729EB265C2EF0AC68AF932A1C1FDC9EFBFF3CE191B70BA08A50D5ADF00F288EAEB929924A4646599DD3EFC02D925905F02F34FF0586380530CD6F5BF1E51AB953B65B22B4C7E85392A74562E62D77632421DDB97A3F21F","0","0","","0"
"51","PMPA 15SEC LOAD W/LOSS","","0","0","4","T=HZ;CA00000005010000458FC16AC33010447FC5101D1BB4769A1404020BAD4C049257D5AA0443C00412480E3ED997FE7D8D0BED9E86C7CCC293688A61573C6A21CEAF79C1DB72E3C732AB149319EB233B3B5E02318F810C0A2129A3CB1AD94A4B3DFAE2A9B7848E3548F49C82193EBF4CF09D777963A6ACDFA3EB284753F4345DEFF7EBF77ABBE7534D939AE7BF8AA5C0BA9667CFA5E7BC6E3D7799A21E1C57724B0D34CD1E4EFBFA58C1BB825A1DA09285FEF947050705B0F144BE2FBC6AF1C0E26DD38997D1524CBF423B23440B6DDB9C7E00","0","0","","0"
"52","PMPA Nuclear Entitlement","Past 1 year of PMPA Nuclear Entitlement","0","0","4","T=HZ;E70000002E010000458FCD6AC33010845FC5101D5268907D680B018117699D2CD58FAB95093919D3181C887368D443DFBE262DED5C76663F7661A481048C898C12627FBE6533E481C77CDBFA4E5B84D8EFD0F7CFA5232F840CD16054C05AEAE00D250A5E0783AC4A69885B0BC7B70E2C3584F1BE83B47C76D884E820A9AF459B79DE9C4EAB69DACEF31FD7C1B2AAE49E38798ECB2177CE413CAACA4AE22606A77C2824EC0227884955FFBEF3945479CF2D460AE617FE843B7D29641BC8275E1A9AEE151FB5C31E7DA264D12DB377871508513FD5AD6BA1F09FEF9771F828F09ACFF932CEE335176B77981EEAAAFA06","0","0","","0"
"53","Sales and Surplus Calcs","","0","0","4","T=HZ;0C010000BA0100006D50C16A023110FD15C11C85A8AD3D58023B24B36E30C9A4992C220841B0600F7B5A2FFDFBAE6B5B2B3497C9CC7BF3DECC48031918B3354A88E6A3BF98E3E5C8EF977EBD5831EA62B8B0DD04702C84A4643029C35A6A0AC6664B4193415673692C4707FBB7169CAD2DA6B1067910F65853F29055D71D4EA7C3E7F0A6E7F3BAEBD67DFF4BD1E4582D646339074E43AFE53A915781261236C4195256F3FBBF0DF6278F982C19B57CFE938DF0D34446B221F3B09969B738D31E0B866CB3433FC4E2775310A29A57D5F2E5550886901167D147288C111EC13D8B1BE47745938F65E788F981339A185E14D6DF472BA81B7AD46953742DCF3242D16D4AD739181CFEABB42AA3A3D95E4D6F8A77DA17","0","0","","0"
"54","Abandoned Alarms","","0","0","1","T=HZ;76000000AE0000004D8D4B0EC3201043AF122907209F256231015719055A0493B6B94B0E1F208B76E5277BC656428BC793020C794A21ABCF8A0413371C9DE9E66998D583E15D3664373812AD473DE8BE1FCF662C47310A0ABF51C952943D0907FC0EAD0725B816DFF85F135E8ECB448B23DF52D6AB662169AD826FFDB800","0","0","","0"
"55","Energy Audit","Energy Audit for Last Month","0","0","4","T=HZ;84010000D80300009592DF4BC33010C7FF95C1FAB8D11FB33E4C0A3D939B0DA64DCC25CA400882C27CD8D3F6E27F6F8C6DDDD40A9640C3DDE77B77DF2329070B8456F02A499AD7C3913F1D9FE8E578586387E666EBC1716129495265389A0A88A54C75212654C71447AAB2940BD212B6770EA4D80834310636546D71A34C0BB6DAEF1F9F9F1FDFC237DFEDD6FBFD98674A5295A78D20DB910942411BA3DA6A8B344BE3ADC88AD532CF97593ECB2ED659B6CECB596A551F2F62BC1CE25A89CE52F0C2DD2D2E38E59E58380D7227D1236BD41C92A42EEB90AA8BE26A048B69B0380357D3E0EA0C2C476A04CA1380B541DD596125B6E1EF25906D0CDCDFF8F6A11704E45340D059C4856E3578420D319FD5757139952CEB8F6BAF76464B470B8B010089E4B5C17BDF181FBAF5F498EB255B4A22AF9D614D78208346B9EFAA913851C6594E0D79A65AED1FA422EAA55201FF391E73C67C2C238ED2939F2E4F9FE397D7C1C97FD16177A1E7E21AD82D59E878EC7EBE96DFA89FCBFBA27A2F838FC9FC548DB3D127A7FE9B8AB5DE01","0","0","","0"
"56","Annunciation Delays for AC/DC Lo","Annuncaition Delays for all AC/DC Loss Status Points","0","0","1","T=HZ;5B00000071000000458C410A80300C04BF925BC14BF52C15228D188C69312DE25F7CBCD68B971D1686F1056721C59D82152CD572622DE6CF950E0AA85A3592E00553801E5023341740787BD77592CC3AE7172689F6253869E6388EC3DDCCC6BFF2BE07","0","0","","0"
"57","Annunc. Delay and Transient Time","Annuncaition Delays for all AC/DC Loss Status Points","0","0","1","T=HZ;76000000BC00000055CC310EC2300C05D0AB78ABC49216C62A48061B613575AAD81562EA45383C0D0BCD62EB7DD93F38DE122BCE1CCDD1575BB2A85B783DB97044D5558913BEE11AA10754827A0B9064DA6747F72D65B3531772212EBF0EC9BA08858770223B24E3387CEA73DDFFE22A2FA8E63273DF6868746E74D9F505","0","0","","0"
"58","RTU Settings","","0","0","1","T=HZ;61000000CE000000658EC10E803008433F699957E38109C6C5A904F0E0BFF8F18E9D5C3C95D786A6C120153A60A749ECD2B0642AA8136F748F637C3C7045D2D9753DD5DC8B0EF50110A5DD0C526D23818E52477347D811FDEA1DF8148BDF64F8260DD4A00EE7EC752F","0","0","","0"
"59","LSG Output","","0","0","4","T=HZ;E5000000B10100007D8FC16AC3300C865F2550B3D38A9D84EE906188662B8969127B96375328844207DDA1A7E6B2B79FE9C646E9569DC4FFE913FC5C4300C260B464AC7B3FCD7A37EFE86D3E552D8EE821584FD95DD62BC6B8F51ABD04525CD9519B60ECA8AC4692826B43AE87CDF30BF4A631E8CF1984F477C0C6FA01823C1EB7FBFDF623CDE270F881CAF62473DE190A23F964196ABC1DE40629E3E7AD1045B914C552E499585542546599F160BFF3F23277D68C815295F6C9C549E37DAB6972086BEAE01553A5691D17C058BDAAEBE2E1F1F72E0697DF60C515535F8CDC94BE5EAB17F85F3BDEB6E31FF627","0","0","","0"
"60","15 Sec Generation","","0","0","4","T=HZ;F2000000200200008D4FC16AC3300CFD95427D1C3809EB0E1986B8B6928AC5566639944121143AE80E392597FDFD420E6919A49B2ED2D37B7AE849ABA3668868951087AF61B4E7F1CC9FE390FBD6D4A0435781EFD21D83114252B0109465230D798B11C91BB2C02A9116B9A9F5C77BAB6B2C11C2BCD37172765052703AAABE3F5D2EA7EFA9B6D76BDEF7F9302C124335AB541E90A3E730DD2297819CF2B491BA228E3A4495DCE6D66354CF336E20205995DD8199DD6D6443E8234FC96CFB064F668A7ADCEBB4AB02316FB510455214D9CBEB6F1E7CC458839BFAAA2AFBC3257BECE24CD56280D55F16FE3F2EABBF2CFCE3440EEE059D3BDE343F","0","0","","0"
"61","Historical Data Sets","","0","0","1","T=HZ;86000000E6000000458F4B0EC33008440F9303A4595B59109BB648F82320917A971CBE26FD78058F8119311B6C8C0532AE4F524B60A0683ADF0939E9EA4208CB9950A3D7081CA934A91754668C46E571D12EA2901B252714A9E20D839A1A5D36E116A669395BA562DCD35CF793EE523E905BDA057E7D5F433906D8ABE197EAA6435203B1E1DFD3FA0F07F07FF406","0","0","","0"
"62","TEA API","","0","0","4","T=HZ;C500000019010000658F4F4B03410CC5BF8AD039B64C2DEAA132B071326B83BB9331C91C3C95420BF5B0A7EEC56FEFA8F807CC298F5FDEE3C523186832C2E0DCEEF532E3613EE869BE6C2DC11E0A39E7593049408D3E724632E21C1993866B8FA4658097E70A03F59444C3DAB7C49637A69E65040B6F6D56D3B43A1E17E7F3769A7E78E4E12362476A59A519497BE13164BEF2F0C86A2016D6BF7BCD64E1E6539724C418367FC4372D4CD9B43DD3FA2F1F203E356FC67DAC2229DB029CEB6EBB6E7377FF75A155CA50F53F7F07","0","0","","0"
"63","Analog w/Scale","","0","0","1","T=HZ;9A000000F5000000558E310EC2300C45AF92212352280343A32099D88588E0544E4AC5C4457A789AA08298BEDFB7BF6D53E01C89E14E0E1862BA8C2970C966BE92909332055427A5F55AE55E6B058C2A172821F1B8B6DCDADAB0057B49BEEBB4364990E4B36007880266081431BB06D6760B304F8C14E1590929FBAAF595A6343F204EAD1E6FD46604E6D766DABD3D1C97EC21D200BE7C9D76B10EFFBEACF4177B03","0","0","","0"
"64","Forecast Load Areas","Information for Load Forecasts Using Weather Data","0","0","1","/TABLENAME=FORECASTLOADS/FIELDS=Name;;1|Desc;;1|FcastWthId;;1|LoadPid;;1","0","0","","0"
"65","Calculations","","0","0","1","T=HZ;5B00000096000000D30F7174F271F573F475B57576F471F6F7F3F1F473D577F374F57109B60DF04EADB4B636AC09300CC84C01338C600C6318C304C6308531CC600C7318C302CA0849CD2DC8492C49F504F3DC4AF3924B32F3F3203CCF62982C900700","0","0","","0"
"66","Calculations (Offline)","","0","0","1","T=HZ;5C00000097000000D30F7174F271F573F475B57576F471F67773F3F1F473D577F374F57109B60DF04EADB4B636AC09300CC84C01338C600C6318C304C6308531CC600C7318C302CA702BCD4B2EC9CCCFF304F34252730B72124B52213CCF62181FC80300","0","0","","0"
"67","DESets","","0","0","1","/TABLENAME=DESETS/FIELDS=Desc;;1|Name;;1|PKey;;1","0","0","","0"
"68","DESetAnalog","","0","0","1","T=HZ;640000008B000000D30F7174F271F573F475B575710D760D71F473F4F177D777F374F57109B6F54BCC4DB5B636AC714C49294A2D2E063103BC532B41747072624EAA5B62720990636D606D640611F14F4B2B46124A2DF14C01EBCA4C41D6EC989399580C67845416806C0100","0","0","","0"
